datum,bundesland_id,bundesland_name,altersgruppe_0_bis_17,altersgruppe_18_bis_29,altersgruppe_30_bis_39,altersgruppe_40_bis_49,altersgruppe_50_bis_59,altersgruppe_60_bis_69,altersgruppe_70_bis_79,altersgruppe_80_plus,altersgruppe_unbekannt
2021-04-29,00,Deutschland,14,24,75,179,505,751,657,204,2624
2021-04-30,00,Deutschland,13,30,94,248,687,958,838,255,1901
2021-05-01,00,Deutschland,11,35,90,279,739,1066,931,275,1583
2021-05-02,00,Deutschland,10,41,105,296,771,1096,956,281,1472
2021-05-03,00,Deutschland,10,38,116,299,780,1157,994,315,1298
2021-05-04,00,Deutschland,9,38,112,296,807,1156,1027,320,1189
2021-05-05,00,Deutschland,10,33,116,291,804,1155,1028,311,1091
2021-05-06,00,Deutschland,10,39,130,353,936,1371,1145,326,456
2021-05-07,00,Deutschland,10,38,128,350,909,1328,1102,305,502
2021-05-08,00,Deutschland,11,38,118,326,893,1310,1087,308,516
2021-05-09,00,Deutschland,14,36,113,317,892,1287,1095,304,525
2021-05-10,00,Deutschland,11,43,110,315,898,1304,1109,312,480
2021-05-11,00,Deutschland,11,39,105,303,868,1273,1077,312,472
2021-05-12,00,Deutschland,13,35,103,286,867,1228,1064,296,482
2021-05-13,00,Deutschland,11,38,110,300,856,1228,1065,291,356
2021-05-14,00,Deutschland,7,37,99,291,805,1155,1029,279,477
2021-05-15,00,Deutschland,6,41,97,276,776,1119,1000,250,525
2021-05-16,00,Deutschland,11,41,96,279,766,1134,982,240,516
2021-05-17,00,Deutschland,13,40,99,273,758,1114,961,250,507
2021-05-18,00,Deutschland,13,40,93,272,727,1069,916,237,510
2021-05-19,00,Deutschland,14,34,90,259,689,1019,889,224,489
2021-05-20,00,Deutschland,14,39,90,264,754,1058,866,237,271
2021-05-21,00,Deutschland,13,37,84,249,664,1014,823,217,372
2021-05-22,00,Deutschland,14,36,75,235,660,960,784,218,376
2021-05-23,00,Deutschland,12,33,73,234,651,957,768,210,365
2021-05-24,00,Deutschland,12,33,67,224,657,929,755,207,350
2021-05-25,00,Deutschland,14,39,72,211,626,901,741,205,370
2021-05-26,00,Deutschland,10,36,69,196,582,845,697,190,375
2021-05-27,00,Deutschland,10,33,70,211,562,837,678,186,249
2021-05-28,00,Deutschland,6,33,62,202,517,788,622,165,307
2021-05-29,00,Deutschland,5,31,61,193,492,744,575,153,340
2021-05-30,00,Deutschland,5,31,58,188,470,722,563,141,339
2021-05-31,00,Deutschland,5,31,59,186,475,720,541,142,292
2021-06-01,00,Deutschland,4,29,60,164,450,686,505,120,271
2021-06-02,00,Deutschland,4,29,56,151,422,650,446,103,287
2021-06-03,00,Deutschland,6,25,64,151,432,675,444,112,126
2021-06-04,00,Deutschland,7,21,55,136,390,622,412,107,219
2021-06-05,00,Deutschland,7,18,57,132,379,583,393,104,223
2021-06-06,00,Deutschland,7,20,57,136,378,560,379,94,222
2021-06-07,00,Deutschland,6,23,56,139,367,536,369,93,206
2021-06-08,00,Deutschland,6,22,50,130,346,523,352,83,187
2021-06-09,00,Deutschland,7,22,51,120,337,496,327,78,160
2021-06-10,00,Deutschland,8,21,55,129,329,493,327,80,65
2021-06-11,00,Deutschland,7,17,49,110,283,454,299,71,130
2021-06-12,00,Deutschland,7,15,43,104,266,425,286,62,135
2021-06-13,00,Deutschland,8,15,45,100,264,420,286,64,135
2021-06-14,00,Deutschland,8,17,47,98,256,395,261,64,135
2021-06-15,00,Deutschland,6,14,42,92,243,368,245,58,140
2021-06-16,00,Deutschland,5,15,41,91,235,343,230,52,123
2021-06-17,00,Deutschland,4,16,44,98,238,357,218,47,47
2021-06-18,00,Deutschland,4,11,37,91,211,311,192,44,109
2021-06-19,00,Deutschland,4,10,36,86,201,288,183,47,110
2021-06-20,00,Deutschland,4,10,37,81,192,277,172,47,111
2021-06-21,00,Deutschland,4,8,35,80,187,260,165,44,106
2021-06-22,00,Deutschland,5,10,31,76,174,246,151,41,116
2021-06-23,00,Deutschland,4,10,30,76,160,242,145,38,106
2021-06-24,00,Deutschland,3,12,32,77,169,263,142,35,46
2021-06-25,00,Deutschland,4,8,26,70,150,223,130,32,92
2021-06-26,00,Deutschland,4,5,24,71,152,215,117,28,100
2021-06-27,00,Deutschland,5,5,22,69,154,207,114,31,99
2021-06-28,00,Deutschland,6,7,23,68,151,205,112,27,90
2021-06-29,00,Deutschland,4,7,22,66,148,194,113,20,90
2021-06-30,00,Deutschland,3,8,19,62,132,178,108,18,86
2021-07-01,00,Deutschland,2,14,23,62,142,196,104,19,28
2021-07-02,00,Deutschland,2,10,21,58,122,175,95,19,63
2021-07-03,00,Deutschland,3,11,21,55,113,175,94,17,60
2021-07-04,00,Deutschland,3,11,20,55,114,174,93,15,63
2021-07-05,00,Deutschland,2,11,16,52,113,159,91,16,66
2021-07-06,00,Deutschland,3,11,18,49,106,156,87,17,62
2021-07-07,00,Deutschland,2,11,15,51,108,152,87,14,44
2021-07-08,00,Deutschland,3,12,16,54,114,165,84,13,9
2021-07-09,00,Deutschland,3,8,13,47,101,148,80,14,39
2021-07-10,00,Deutschland,2,8,13,45,99,141,74,14,39
2021-07-11,00,Deutschland,2,9,15,43,93,138,72,14,46
2021-07-12,00,Deutschland,2,9,15,39,97,143,80,16,34
2021-07-13,00,Deutschland,2,8,13,37,87,137,73,17,32
2021-07-14,00,Deutschland,4,9,13,36,86,130,72,16,32
2021-07-15,00,Deutschland,3,11,15,37,94,138,74,17,7
2021-07-16,00,Deutschland,3,8,15,35,81,120,69,17,31
2021-07-17,00,Deutschland,3,7,15,33,85,113,64,18,34
2021-07-18,00,Deutschland,2,7,16,33,85,113,66,17,32
2021-07-19,00,Deutschland,5,10,14,34,84,115,63,12,31
2021-07-20,00,Deutschland,4,11,15,32,80,114,63,11,31
2021-07-21,00,Deutschland,4,12,20,33,74,109,62,8,35
2021-07-22,00,Deutschland,4,16,19,37,82,117,62,8,9
2021-07-23,00,Deutschland,3,14,20,37,69,103,66,12,32
2021-07-24,00,Deutschland,3,15,19,35,69,105,64,11,33
2021-07-25,00,Deutschland,4,14,21,36,72,107,69,16,32
2021-07-26,00,Deutschland,4,11,24,37,76,101,68,19,29
2021-07-27,00,Deutschland,3,10,21,37,77,109,67,15,31
2021-07-28,00,Deutschland,4,6,22,35,81,97,68,15,28
2021-07-29,00,Deutschland,3,8,24,33,88,104,67,13,7
2021-07-30,00,Deutschland,3,6,16,34,85,91,73,13,31
2021-07-31,00,Deutschland,4,6,18,36,89,93,76,14,25
2021-08-01,00,Deutschland,4,7,20,36,86,93,76,13,29
2021-08-02,00,Deutschland,4,8,21,39,86,96,79,17,28
2021-08-03,00,Deutschland,3,7,22,39,88,98,71,19,31
2021-08-04,00,Deutschland,4,11,24,43,92,97,72,19,30
2021-08-05,00,Deutschland,3,13,28,43,96,110,69,17,8
2021-08-06,00,Deutschland,4,15,24,43,87,103,69,22,26
2021-08-07,00,Deutschland,7,16,23,50,93,104,73,23,27
2021-08-08,00,Deutschland,7,17,25,57,95,108,71,23,31
2021-08-09,00,Deutschland,6,16,24,57,100,113,79,24,37
2021-08-10,00,Deutschland,6,13,28,54,94,103,84,24,37
2021-08-11,00,Deutschland,6,13,27,57,95,104,85,31,36
2021-08-12,00,Deutschland,8,17,31,70,101,118,89,25,13
2021-08-13,00,Deutschland,7,15,32,72,100,106,83,26,39
2021-08-14,00,Deutschland,8,15,33,78,98,109,82,28,38
2021-08-15,00,Deutschland,9,19,36,80,105,113,78,28,49
2021-08-16,00,Deutschland,10,17,37,86,113,127,77,33,47
2021-08-17,00,Deutschland,9,17,41,88,124,133,77,38,49
2021-08-18,00,Deutschland,10,20,45,95,132,141,82,33,42
2021-08-19,00,Deutschland,9,22,54,105,137,152,88,39,17
2021-08-20,00,Deutschland,8,22,54,106,143,153,89,34,43
2021-08-21,00,Deutschland,8,25,57,103,160,161,94,32,42
2021-08-22,00,Deutschland,10,23,60,109,171,164,101,36,40
2021-08-23,00,Deutschland,9,30,66,127,184,171,101,43,45
2021-08-24,00,Deutschland,8,37,73,134,190,172,112,44,35
2021-08-25,00,Deutschland,7,37,73,138,202,184,114,43,38
2021-08-26,00,Deutschland,9,34,79,153,216,192,124,46,16
2021-08-27,00,Deutschland,9,37,78,146,221,196,137,53,48
2021-08-28,00,Deutschland,12,44,83,158,233,201,142,54,47
2021-08-29,00,Deutschland,11,43,87,167,243,211,146,52,51
2021-08-30,00,Deutschland,10,47,93,177,262,229,154,53,44
2021-08-31,00,Deutschland,7,43,96,170,276,244,162,56,42
2021-09-01,00,Deutschland,11,48,100,175,285,250,167,58,42
2021-09-02,00,Deutschland,12,52,102,196,289,265,177,70,7
2021-09-03,00,Deutschland,13,53,108,201,293,263,179,69,38
2021-09-04,00,Deutschland,13,59,114,197,298,268,191,72,49
2021-09-05,00,Deutschland,12,57,111,200,303,276,198,75,55
2021-09-06,00,Deutschland,10,57,122,213,306,277,206,82,49
2021-09-07,00,Deutschland,11,51,125,202,317,285,221,86,51
2021-09-08,00,Deutschland,13,49,122,214,316,295,228,90,60
2021-09-09,00,Deutschland,11,51,114,215,348,305,230,96,26
2021-09-10,00,Deutschland,15,53,106,216,354,303,213,95,57
2021-09-11,00,Deutschland,17,51,111,225,353,306,204,108,62
2021-09-12,00,Deutschland,15,54,110,222,356,310,206,108,72
2021-09-13,00,Deutschland,14,53,128,234,347,308,219,123,74
2021-09-14,00,Deutschland,14,52,133,238,358,318,224,125,78
2021-09-15,00,Deutschland,13,50,120,234,359,316,235,126,74
2021-09-16,00,Deutschland,18,47,128,236,379,337,237,130,38
2021-09-17,00,Deutschland,17,48,120,235,378,344,231,121,50
2021-09-18,00,Deutschland,13,50,113,230,370,347,229,115,56
2021-09-19,00,Deutschland,14,52,108,229,367,350,232,116,67
2021-09-20,00,Deutschland,15,46,112,229,359,356,238,118,68
2021-09-21,00,Deutschland,15,45,109,221,338,352,237,122,65
2021-09-22,00,Deutschland,14,46,110,222,335,346,232,121,74
2021-09-23,00,Deutschland,12,43,115,225,346,349,231,121,16
2021-09-24,00,Deutschland,14,42,112,215,330,328,218,119,56
2021-09-25,00,Deutschland,11,41,116,203,334,319,219,127,66
2021-09-26,00,Deutschland,11,39,116,212,326,323,218,127,63
2021-09-27,00,Deutschland,14,34,109,207,320,319,217,139,75
2021-09-28,00,Deutschland,14,35,104,203,318,315,211,137,77
2021-09-29,00,Deutschland,15,33,100,189,317,300,202,129,79
2021-09-30,00,Deutschland,18,33,100,209,325,307,200,138,27
2021-10-01,00,Deutschland,24,29,100,200,320,294,204,135,57
2021-10-02,00,Deutschland,18,26,102,193,320,286,198,137,52
2021-10-03,00,Deutschland,19,24,103,192,322,295,200,131,48
2021-10-04,00,Deutschland,17,26,105,184,319,300,205,133,60
2021-10-05,00,Deutschland,15,30,101,184,309,306,213,140,63
2021-10-06,00,Deutschland,16,26,103,177,303,307,210,149,68
2021-10-07,00,Deutschland,14,31,111,189,325,330,209,153,12
2021-10-08,00,Deutschland,13,28,105,171,305,313,211,153,53
2021-10-09,00,Deutschland,13,25,99,182,302,308,208,149,56
2021-10-10,00,Deutschland,12,25,99,182,298,311,215,150,53
2021-10-11,00,Deutschland,11,26,91,170,302,304,219,153,78
2021-10-12,00,Deutschland,11,25,98,169,307,301,239,157,76
2021-10-13,00,Deutschland,11,26,96,176,302,315,238,149,88
2021-10-14,00,Deutschland,9,29,97,183,308,321,259,150,39
2021-10-15,00,Deutschland,10,29,90,173,302,322,262,152,62
2021-10-16,00,Deutschland,10,29,90,174,293,333,261,149,68
2021-10-17,00,Deutschland,10,31,89,179,299,337,252,154,70
2021-10-18,00,Deutschland,9,32,90,171,302,359,254,152,89
2021-10-19,00,Deutschland,11,29,84,172,308,359,255,172,86
2021-10-20,00,Deutschland,12,29,83,176,299,373,260,166,84
2021-10-21,00,Deutschland,17,36,95,190,330,396,275,177,24
2021-10-22,00,Deutschland,13,33,95,171,323,388,270,181,68
2021-10-23,00,Deutschland,15,34,94,178,334,395,282,195,79
2021-10-24,00,Deutschland,15,32,94,177,336,404,294,197,81
2021-10-25,00,Deutschland,12,31,93,170,350,424,309,212,81
2021-10-26,00,Deutschland,10,33,91,175,344,431,305,226,89
2021-10-27,00,Deutschland,8,31,92,176,355,445,328,229,101
2021-10-28,00,Deutschland,9,28,97,191,385,469,354,245,32
2021-10-29,00,Deutschland,9,34,106,190,383,465,353,262,68
2021-10-30,00,Deutschland,10,35,116,187,387,465,362,275,100
2021-10-31,00,Deutschland,8,36,115,190,396,483,374,285,98
2021-11-01,00,Deutschland,7,36,111,190,403,498,394,302,119
2021-11-02,00,Deutschland,5,38,121,207,424,517,429,280,116
2021-11-03,00,Deutschland,6,38,133,214,442,516,458,319,100
2021-11-04,00,Deutschland,7,43,143,223,489,565,506,333,24
2021-11-05,00,Deutschland,11,40,139,222,478,572,514,337,107
2021-11-06,00,Deutschland,10,46,141,225,480,585,516,348,98
2021-11-07,00,Deutschland,13,50,139,239,498,617,530,344,113
2021-11-08,00,Deutschland,13,54,134,242,499,663,536,362,119
2021-11-09,00,Deutschland,11,51,133,243,508,679,555,385,122
2021-11-10,00,Deutschland,9,50,133,242,520,713,568,372,132
2021-11-11,00,Deutschland,14,58,137,266,578,754,613,378,32
2021-11-12,00,Deutschland,14,61,129,257,547,757,630,363,106
2021-11-13,00,Deutschland,19,58,129,278,557,758,653,360,129
2021-11-14,00,Deutschland,16,57,135,293,560,777,680,373,143
2021-11-15,00,Deutschland,20,53,140,294,611,831,705,414,126
2021-11-16,00,Deutschland,18,54,138,294,612,862,731,428,148
2021-11-17,00,Deutschland,19,58,141,291,630,896,764,434,145
2021-11-18,00,Deutschland,23,58,144,331,651,928,780,469,47
2021-11-19,00,Deutschland,22,57,147,321,658,939,782,466,121
2021-11-20,00,Deutschland,23,54,151,339,657,984,781,460,117
2021-11-21,00,Deutschland,22,58,156,345,680,1007,805,472,133
2021-11-22,00,Deutschland,26,60,159,351,727,1087,836,478,131
2021-11-23,00,Deutschland,28,57,148,358,758,1112,872,515,146
2021-11-24,00,Deutschland,29,57,177,363,784,1156,909,515,88
2021-11-25,00,Deutschland,28,60,176,395,846,1191,949,520,40
2021-11-26,00,Deutschland,30,61,185,397,884,1221,976,501,73
2021-11-27,00,Deutschland,34,59,190,421,908,1223,970,487,91
2021-11-28,00,Deutschland,30,61,198,426,921,1250,984,487,121
2021-11-29,00,Deutschland,27,65,207,447,948,1282,1017,515,97
2021-11-30,00,Deutschland,25,66,209,434,944,1289,1052,522,101
2021-12-01,00,Deutschland,26,67,200,437,964,1313,1064,518,101
2021-12-02,00,Deutschland,23,63,205,457,970,1375,1115,528,61
2021-12-03,00,Deutschland,27,64,198,455,980,1354,1112,523,83
2021-12-04,00,Deutschland,28,65,203,464,969,1344,1111,506,115
2021-12-05,00,Deutschland,26,65,201,465,989,1354,1099,505,122
2021-12-06,00,Deutschland,29,61,205,475,994,1394,1120,507,119
2021-12-07,00,Deutschland,27,65,214,470,1009,1414,1134,507,103
2021-12-08,00,Deutschland,28,63,211,475,1016,1402,1107,494,98
2021-12-09,00,Deutschland,27,61,214,476,1059,1423,1131,511,37
2021-12-10,00,Deutschland,30,65,215,477,1028,1401,1145,512,72
2021-12-11,00,Deutschland,31,64,217,482,1019,1410,1125,479,78
2021-12-12,00,Deutschland,33,62,233,478,1030,1386,1115,480,90
2021-12-13,00,Deutschland,34,65,230,468,1025,1398,1127,485,93
2021-12-14,00,Deutschland,36,66,221,473,1035,1400,1114,469,81
2021-12-15,00,Deutschland,38,62,213,472,1009,1372,1100,476,84
2021-12-16,00,Deutschland,35,60,215,466,1024,1357,1079,476,53
2021-12-17,00,Deutschland,36,56,210,449,982,1362,1048,471,71
2021-12-18,00,Deutschland,31,59,210,438,988,1361,1039,453,81
2021-12-19,00,Deutschland,35,58,222,434,991,1351,1011,445,93
2021-12-20,00,Deutschland,39,61,224,441,1000,1337,1008,430,80
2021-12-21,00,Deutschland,36,58,217,435,977,1330,999,416,94
2021-12-22,00,Deutschland,34,62,208,419,958,1337,945,414,93
2021-12-23,00,Deutschland,32,65,204,416,958,1328,922,422,37
2021-12-24,00,Deutschland,31,60,200,417,929,1286,888,408,63
2021-12-25,00,Deutschland,34,58,201,427,919,1279,887,389,79
2021-12-26,00,Deutschland,33,63,194,418,923,1266,879,380,78
2021-12-27,00,Deutschland,32,58,186,416,904,1268,882,378,82
2021-12-28,00,Deutschland,28,55,186,403,901,1254,854,366,81
2021-12-29,00,Deutschland,29,48,181,388,872,1214,839,351,82
2021-12-30,00,Deutschland,26,47,183,388,881,1188,798,361,41
2021-12-31,00,Deutschland,27,45,176,376,871,1149,801,340,47
2022-01-01,00,Deutschland,31,51,173,373,863,1136,813,332,53
2022-01-02,00,Deutschland,32,55,170,373,853,1121,803,332,67
2022-01-03,00,Deutschland,34,52,173,358,824,1118,810,348,85
2022-01-04,00,Deutschland,31,48,163,348,806,1075,787,339,73
2022-01-05,00,Deutschland,31,47,161,329,789,1039,776,315,74
2022-01-06,00,Deutschland,33,48,155,313,775,1031,754,291,39
2022-01-07,00,Deutschland,34,48,143,300,757,1006,735,302,55
2022-01-08,00,Deutschland,28,51,143,296,739,1000,703,282,72
2022-01-09,00,Deutschland,32,55,143,290,733,979,684,277,80
2022-01-10,00,Deutschland,33,56,142,296,720,989,669,274,70
2022-01-11,00,Deutschland,36,50,132,287,691,960,647,277,73
2022-01-12,00,Deutschland,33,48,134,269,665,932,614,277,76
2022-01-13,00,Deutschland,33,47,129,264,647,925,598,276,37
2022-01-14,00,Deutschland,32,43,127,254,638,886,569,269,50
2022-01-15,00,Deutschland,33,44,116,250,631,854,558,260,51
2022-01-16,00,Deutschland,29,48,116,247,606,845,554,252,45
2022-01-17,00,Deutschland,37,44,110,239,593,853,556,250,62
2022-01-18,00,Deutschland,32,41,101,244,573,821,544,233,78
2022-01-19,00,Deutschland,28,46,102,227,554,780,521,232,80
2022-01-20,00,Deutschland,33,38,98,223,545,759,494,229,28
2022-01-21,00,Deutschland,29,41,100,214,527,733,491,230,53
2022-01-22,00,Deutschland,32,46,93,213,526,725,491,222,50
2022-01-23,00,Deutschland,32,47,97,221,528,722,497,224,56
2022-01-24,00,Deutschland,30,50,101,216,524,723,498,239,51
2022-01-25,00,Deutschland,36,51,103,209,518,704,476,246,53
2022-01-26,00,Deutschland,33,47,100,208,500,697,465,262,52
2022-01-27,00,Deutschland,32,43,96,201,496,663,463,251,28
2022-01-28,00,Deutschland,32,47,87,189,479,643,483,253,46
2022-01-29,00,Deutschland,33,46,89,184,468,620,471,257,54
2022-01-30,00,Deutschland,37,52,87,188,475,621,480,261,67
2022-01-31,00,Deutschland,39,52,95,190,461,624,503,285,55
2022-02-01,00,Deutschland,36,42,92,187,440,608,512,285,57
2022-02-02,00,Deutschland,35,48,96,193,448,610,517,303,61
2022-02-03,00,Deutschland,43,54,92,183,437,605,511,303,34
2022-02-04,00,Deutschland,44,59,94,174,434,615,519,315,52
2022-02-05,00,Deutschland,44,60,90,184,423,607,504,325,69
2022-02-06,00,Deutschland,55,57,95,189,414,617,511,334,71
2022-02-07,00,Deutschland,44,51,96,183,420,628,531,358,64
2022-02-08,00,Deutschland,43,49,98,179,406,640,523,382,72
2022-02-09,00,Deutschland,46,50,93,175,407,637,543,377,69
2022-02-10,00,Deutschland,44,50,92,175,412,626,578,382,37
2022-02-11,00,Deutschland,50,45,86,173,408,626,571,396,48
2022-02-12,00,Deutschland,45,51,84,172,399,634,559,405,55
2022-02-13,00,Deutschland,49,50,81,169,406,633,571,405,68
2022-02-14,00,Deutschland,48,52,76,167,400,629,591,441,71
2022-02-15,00,Deutschland,51,47,77,172,388,637,585,458,83
2022-02-16,00,Deutschland,50,45,75,174,360,646,592,452,75
2022-02-17,00,Deutschland,53,49,71,181,377,644,598,466,36
2022-02-18,00,Deutschland,50,49,71,170,360,649,578,462,48
2022-02-19,00,Deutschland,56,44,68,168,347,644,576,458,56
2022-02-20,00,Deutschland,55,43,66,161,344,638,574,462,51
2022-02-21,00,Deutschland,53,49,70,158,354,634,587,463,48
2022-02-22,00,Deutschland,55,46,64,156,343,622,599,447,65
2022-02-23,00,Deutschland,57,52,67,151,341,618,605,449,58
2022-02-24,00,Deutschland,47,44,63,145,347,605,572,436,25
2022-02-25,00,Deutschland,44,44,58,146,342,594,576,442,43
2022-02-26,00,Deutschland,33,39,64,140,320,593,576,441,47
2022-02-27,00,Deutschland,39,41,63,133,318,598,571,431,47
2022-02-28,00,Deutschland,33,37,70,132,325,582,592,453,56
2022-03-01,00,Deutschland,35,38,70,137,317,587,574,465,65
2022-03-02,00,Deutschland,36,38,65,128,306,572,559,434,63
2022-03-03,00,Deutschland,37,40,64,123,307,576,549,429,27
2022-03-04,00,Deutschland,37,34,63,126,309,560,529,408,44
2022-03-05,00,Deutschland,37,37,59,118,301,560,537,411,43
2022-03-06,00,Deutschland,37,34,61,118,307,535,542,408,62
2022-03-07,00,Deutschland,33,33,58,117,306,550,563,437,70
2022-03-08,00,Deutschland,35,35,63,109,308,561,577,416,54
2022-03-09,00,Deutschland,28,33,60,113,291,554,572,412,55
2022-03-10,00,Deutschland,31,33,56,106,304,558,550,443,34
2022-03-11,00,Deutschland,31,33,60,100,302,545,554,442,49
2022-03-12,00,Deutschland,33,32,54,104,297,533,542,447,69
2022-03-13,00,Deutschland,38,33,59,103,284,548,585,470,72
2022-03-14,00,Deutschland,40,38,60,98,297,547,623,501,55
2022-03-15,00,Deutschland,42,36,61,111,298,578,637,480,51
2022-03-16,00,Deutschland,51,43,59,126,300,584,605,486,49
2022-03-17,00,Deutschland,46,45,59,111,291,590,612,497,36
2022-03-18,00,Deutschland,43,33,65,115,305,608,583,477,55
2022-03-19,00,Deutschland,42,29,62,100,304,582,605,447,69
2022-03-20,00,Deutschland,46,35,58,98,304,585,617,451,74
2022-03-21,00,Deutschland,43,31,69,99,316,587,634,499,70
2022-03-22,00,Deutschland,42,33,74,96,313,587,640,521,75
2022-03-23,00,Deutschland,44,37,74,96,301,572,626,512,70
2022-03-24,00,Deutschland,48,50,72,95,289,579,612,537,44
2022-03-25,00,Deutschland,47,45,68,104,286,554,608,527,66
2022-03-26,00,Deutschland,48,48,63,106,293,553,622,532,70
2022-03-27,00,Deutschland,47,44,59,115,289,552,623,533,74
2022-03-28,00,Deutschland,46,41,63,113,292,573,624,541,63
2022-03-29,00,Deutschland,50,42,55,117,289,584,628,551,61
2022-03-30,00,Deutschland,52,46,60,106,295,577,614,514,68
2022-03-31,00,Deutschland,41,47,51,97,299,585,616,520,48
2022-04-01,00,Deutschland,41,45,52,102,293,568,596,513,61
2022-04-02,00,Deutschland,40,43,56,96,286,567,592,465,70
2022-04-03,00,Deutschland,36,47,52,95,287,560,592,487,56
2022-04-04,00,Deutschland,35,41,56,89,283,557,591,520,62
2022-04-05,00,Deutschland,37,39,50,82,292,527,606,480,51
2022-04-06,00,Deutschland,36,39,53,78,271,523,585,475,47
2022-04-07,00,Deutschland,36,39,51,84,263,512,590,456,23
2022-04-08,00,Deutschland,41,39,43,79,271,506,581,430,38
2022-04-09,00,Deutschland,37,36,42,73,261,494,554,437,51
2022-04-10,00,Deutschland,36,41,38,79,256,493,543,455,48
2022-04-11,00,Deutschland,37,39,37,83,261,486,548,450,41
2022-04-12,00,Deutschland,31,37,33,84,255,485,521,429,41
2022-04-13,00,Deutschland,30,31,35,92,230,459,513,425,34
2022-04-14,00,Deutschland,31,32,36,79,222,464,507,425,25
2022-04-15,00,Deutschland,30,28,35,77,212,452,488,433,38
2022-04-16,00,Deutschland,28,30,37,74,215,457,467,405,29
2022-04-17,00,Deutschland,29,32,37,74,219,459,468,414,34
2022-04-18,00,Deutschland,29,35,36,71,212,478,464,407,32
2022-04-19,00,Deutschland,32,32,41,70,215,473,482,426,32
2022-04-20,00,Deutschland,33,26,41,61,196,455,477,414,31
2022-04-21,00,Deutschland,26,26,35,59,196,436,449,396,23
2022-04-22,00,Deutschland,28,24,31,56,212,411,439,381,31
2022-04-23,00,Deutschland,25,24,39,52,205,420,440,366,43
2022-04-24,00,Deutschland,26,29,30,58,204,404,435,352,33
2022-04-25,00,Deutschland,23,31,31,63,189,396,453,353,37
2022-04-26,00,Deutschland,22,27,31,62,188,382,421,347,39
2022-04-27,00,Deutschland,23,25,30,60,172,369,400,327,39
2022-04-28,00,Deutschland,27,25,32,53,167,350,390,334,28
2022-04-29,00,Deutschland,26,20,36,51,166,328,397,321,35
2022-04-30,00,Deutschland,30,20,35,51,155,316,380,332,35
2022-05-01,00,Deutschland,27,19,40,49,155,308,383,322,34
2022-05-02,00,Deutschland,22,19,37,53,159,315,363,326,29
2022-05-03,00,Deutschland,21,18,33,47,164,308,353,309,25
2022-05-04,00,Deutschland,22,17,22,43,155,297,344,278,24
2022-05-05,00,Deutschland,21,15,19,49,158,282,333,281,18
2022-05-06,00,Deutschland,18,13,17,52,149,269,305,271,22
2022-05-07,00,Deutschland,18,13,18,46,139,268,298,252,32
2022-05-08,00,Deutschland,16,14,18,48,144,277,292,250,37
2022-05-09,00,Deutschland,15,16,26,45,150,270,286,257,30
2022-05-10,00,Deutschland,17,15,22,41,140,266,274,257,32
2022-05-11,00,Deutschland,15,16,22,38,139,259,265,258,21
2022-05-12,00,Deutschland,16,16,21,41,132,256,266,233,21
2022-05-13,00,Deutschland,20,14,22,44,124,247,253,231,23
2022-05-14,00,Deutschland,21,15,20,37,129,243,239,217,24
2022-05-15,00,Deutschland,26,15,22,36,126,233,248,196,21
2022-05-16,00,Deutschland,26,18,20,41,129,237,256,201,16
2022-05-17,00,Deutschland,24,18,20,36,120,243,250,214,20
2022-05-18,00,Deutschland,24,18,20,33,120,235,238,199,18
2022-05-19,00,Deutschland,28,16,19,28,119,229,238,186,12
2022-05-20,00,Deutschland,27,21,20,29,102,214,223,171,14
2022-05-21,00,Deutschland,26,21,18,27,103,213,220,164,10
2022-05-22,00,Deutschland,22,18,15,33,105,222,222,170,11
2022-05-23,00,Deutschland,24,17,14,32,107,211,214,159,10
2022-05-24,00,Deutschland,26,17,13,35,110,189,198,148,6
2022-05-25,00,Deutschland,28,16,12,35,100,184,184,153,7
2022-05-26,00,Deutschland,24,18,14,37,99,175,174,153,9
2022-05-27,00,Deutschland,27,20,15,36,94,181,165,153,11
2022-05-28,00,Deutschland,24,20,12,33,98,173,155,139,15
2022-05-29,00,Deutschland,17,18,16,33,96,170,150,142,14
2022-05-30,00,Deutschland,16,22,20,30,95,180,151,145,10
2022-05-31,00,Deutschland,17,22,18,27,96,177,165,151,10
2022-06-01,00,Deutschland,16,20,15,32,95,176,152,157,8
2022-06-02,00,Deutschland,17,22,14,29,96,165,153,146,6
2022-06-03,00,Deutschland,13,21,16,27,86,160,155,149,10
2022-06-04,00,Deutschland,14,19,15,30,79,159,157,128,16
2022-06-05,00,Deutschland,12,21,16,31,84,154,156,125,14
2022-06-06,00,Deutschland,13,20,14,28,83,156,167,139,12
2022-06-07,00,Deutschland,15,19,12,26,86,164,171,119,11
2022-06-08,00,Deutschland,13,17,12,35,79,158,163,135,10
2022-06-09,00,Deutschland,14,20,15,29,80,152,158,144,8
2022-06-10,00,Deutschland,12,21,16,27,79,153,160,147,11
2022-06-11,00,Deutschland,12,21,12,29,71,146,167,140,9
2022-06-12,00,Deutschland,15,21,16,27,73,149,172,135,13
2022-06-13,00,Deutschland,14,22,20,25,78,157,184,138,12
2022-06-14,00,Deutschland,18,18,19,29,85,170,193,133,9
2022-06-15,00,Deutschland,17,18,20,27,86,161,185,146,12
2022-06-16,00,Deutschland,19,25,23,27,84,163,189,142,12
2022-06-17,00,Deutschland,23,22,25,30,80,164,192,144,14
2022-06-18,00,Deutschland,23,22,21,29,75,155,194,151,14
2022-06-19,00,Deutschland,23,21,23,34,73,164,199,163,18
2022-06-20,00,Deutschland,18,23,25,33,74,172,200,182,20
2022-06-21,00,Deutschland,15,24,21,42,79,187,219,191,17
2022-06-22,00,Deutschland,21,20,17,36,81,184,219,189,15
2022-06-23,00,Deutschland,25,22,16,35,84,178,228,209,13
2022-06-24,00,Deutschland,22,19,7,34,83,191,214,216,13
2022-06-25,00,Deutschland,24,19,12,43,87,190,192,208,13
2022-06-26,00,Deutschland,26,20,11,41,93,207,203,219,16
2022-06-27,00,Deutschland,27,19,12,42,104,215,239,259,15
2022-06-28,00,Deutschland,27,21,17,48,105,225,257,259,22
2022-06-29,00,Deutschland,23,19,20,42,99,222,254,239,17
2022-06-30,00,Deutschland,23,18,15,39,96,219,256,241,25
2022-07-01,00,Deutschland,14,27,15,41,105,225,260,249,42
2022-07-02,00,Deutschland,18,24,16,43,106,232,263,237,43
2022-07-03,00,Deutschland,19,25,20,47,110,231,259,249,38
2022-07-04,00,Deutschland,20,29,22,53,126,247,265,263,39
2022-07-05,00,Deutschland,18,27,21,46,125,243,283,265,37
2022-07-06,00,Deutschland,18,24,25,46,120,235,282,262,34
2022-07-07,00,Deutschland,23,26,29,40,126,228,298,253,25
2022-07-08,00,Deutschland,30,24,21,46,125,229,296,273,28
2022-07-09,00,Deutschland,30,25,24,40,117,218,304,271,25
2022-07-10,00,Deutschland,31,26,23,42,118,222,316,291,32
2022-07-11,00,Deutschland,36,26,29,41,123,243,337,312,27
2022-07-12,00,Deutschland,34,24,27,44,135,256,352,311,32
2022-07-13,00,Deutschland,35,28,28,46,136,254,360,322,30
2022-07-14,00,Deutschland,33,26,28,52,145,254,356,324,23
2022-07-15,00,Deutschland,31,27,28,51,144,243,358,312,27
2022-07-16,00,Deutschland,33,23,35,46,157,244,347,303,40
2022-07-17,00,Deutschland,34,27,34,46,157,255,368,310,39
2022-07-18,00,Deutschland,36,25,38,51,167,261,390,321,33
2022-07-19,00,Deutschland,29,23,35,49,162,267,373,349,41
2022-07-20,00,Deutschland,33,19,34,43,149,274,377,365,37
2022-07-21,00,Deutschland,38,19,32,41,151,292,395,395,32
2022-07-22,00,Deutschland,36,21,28,42,154,299,397,378,40
2022-07-23,00,Deutschland,31,24,30,39,157,298,396,393,42
2022-07-24,00,Deutschland,34,28,29,43,153,305,402,405,42
2022-07-25,00,Deutschland,29,32,32,51,172,328,439,434,41
2022-07-26,00,Deutschland,32,32,30,55,175,356,455,449,37
2022-07-27,00,Deutschland,35,27,31,56,174,343,451,437,35
2022-07-28,00,Deutschland,35,28,37,51,171,328,446,426,31
2022-07-29,00,Deutschland,26,27,29,45,171,309,430,418,40
2022-07-30,00,Deutschland,26,32,33,56,151,292,417,401,50
2022-07-31,00,Deutschland,30,32,34,51,143,300,408,402,46
2022-08-01,00,Deutschland,29,32,35,54,147,319,414,401,39
2022-08-02,00,Deutschland,25,29,30,56,149,321,409,383,41
2022-08-03,00,Deutschland,27,27,34,59,135,305,400,361,48
2022-08-04,00,Deutschland,28,26,36,61,142,302,390,370,43
2022-08-05,00,Deutschland,28,26,33,65,139,308,369,365,44
2022-08-06,00,Deutschland,22,30,27,60,137,304,354,361,49
2022-08-07,00,Deutschland,22,30,26,58,135,283,346,343,43
2022-08-08,00,Deutschland,17,29,30,64,138,289,360,364,38
2022-08-09,00,Deutschland,13,27,28,65,137,286,360,325,33
2022-08-10,00,Deutschland,13,29,28,59,133,268,348,317,46
2022-08-11,00,Deutschland,13,26,29,59,124,271,322,304,31
2022-08-12,00,Deutschland,17,21,31,56,130,253,317,297,35
2022-08-13,00,Deutschland,23,26,30,57,121,255,315,281,34
2022-08-14,00,Deutschland,22,27,30,58,124,255,317,289,32
2022-08-15,00,Deutschland,23,26,23,51,129,258,310,304,31
2022-08-16,00,Deutschland,21,24,18,56,120,251,301,310,29
2022-08-17,00,Deutschland,22,27,19,48,113,244,277,297,27
2022-08-18,00,Deutschland,20,28,22,53,123,229,296,296,38
2022-08-19,00,Deutschland,18,25,19,47,106,218,282,288,38
2022-08-20,00,Deutschland,16,25,21,48,95,210,283,259,31
2022-08-21,00,Deutschland,18,27,22,52,93,208,301,252,19
2022-08-22,00,Deutschland,18,18,21,52,93,211,302,251,21
2022-08-23,00,Deutschland,19,18,19,42,93,221,294,224,28
2022-08-24,00,Deutschland,16,17,18,39,85,207,284,207,24
2022-08-25,00,Deutschland,22,18,20,34,92,206,274,204,23
2022-08-26,00,Deutschland,20,16,18,36,91,201,266,204,25
2022-08-27,00,Deutschland,19,15,13,35,90,198,260,200,27
2022-08-28,00,Deutschland,20,14,14,39,87,186,262,198,27
2022-08-29,00,Deutschland,21,18,17,37,83,190,255,204,26
2022-08-30,00,Deutschland,23,11,23,34,79,182,249,198,29
2022-08-31,00,Deutschland,18,13,23,28,77,178,246,191,23
2022-09-01,00,Deutschland,14,10,19,31,76,180,225,188,24
2022-09-02,00,Deutschland,18,10,19,29,82,179,217,193,20
2022-09-03,00,Deutschland,17,11,22,30,88,175,198,187,25
2022-09-04,00,Deutschland,21,9,19,34,80,175,197,192,22
2022-09-05,00,Deutschland,22,8,16,33,81,171,214,201,20
2022-09-06,00,Deutschland,19,10,15,27,73,166,206,205,20
2022-09-07,00,Deutschland,18,4,13,29,67,173,212,186,20
2022-09-08,00,Deutschland,16,8,18,34,66,168,208,189,16
2022-09-09,00,Deutschland,18,9,18,32,63,170,206,187,12
2022-09-10,00,Deutschland,17,8,12,29,59,162,197,180,14
2022-09-11,00,Deutschland,18,6,12,28,60,162,191,177,20
2022-09-12,00,Deutschland,19,9,12,32,51,176,199,178,16
2022-09-13,00,Deutschland,22,10,18,29,46,187,200,198,16
2022-09-14,00,Deutschland,20,12,16,27,50,178,198,223,17
2022-09-15,00,Deutschland,20,11,16,23,52,167,198,208,23
2022-09-16,00,Deutschland,18,11,12,25,52,157,197,196,21
2022-09-17,00,Deutschland,18,13,11,22,46,159,181,189,21
2022-09-18,00,Deutschland,18,12,12,22,45,147,178,186,26
2022-09-19,00,Deutschland,15,11,14,22,51,162,186,182,27
2022-09-20,00,Deutschland,16,10,13,24,47,169,196,187,28
2022-09-21,00,Deutschland,22,8,16,26,52,160,197,195,30
2022-09-22,00,Deutschland,20,9,14,29,57,160,203,193,28
2022-09-23,00,Deutschland,19,8,17,26,59,177,199,193,32
2022-09-24,00,Deutschland,22,8,17,22,62,179,191,186,29
2022-09-25,00,Deutschland,21,10,15,23,70,171,204,187,29
2022-09-26,00,Deutschland,26,10,13,26,68,180,222,214,30
2022-09-27,00,Deutschland,24,12,14,28,78,189,241,237,27
2022-09-28,00,Deutschland,24,8,16,27,79,195,245,235,32
2022-09-29,00,Deutschland,29,9,20,25,95,190,241,253,27
2022-09-30,00,Deutschland,26,7,16,31,100,196,250,258,34
2022-10-01,00,Deutschland,25,5,21,28,91,203,267,267,41
2022-10-02,00,Deutschland,24,9,21,25,100,217,265,291,44
2022-10-03,00,Deutschland,21,11,17,26,111,234,276,304,49
2022-10-04,00,Deutschland,20,13,25,28,112,266,331,372,47
2022-10-05,00,Deutschland,17,14,26,35,120,279,364,406,50
2022-10-06,00,Deutschland,21,13,30,36,128,277,394,419,46
2022-10-07,00,Deutschland,20,18,26,34,127,290,393,428,49
2022-10-08,00,Deutschland,19,18,21,40,140,302,412,413,60
2022-10-09,00,Deutschland,17,14,26,44,138,309,431,425,73
2022-10-10,00,Deutschland,18,16,18,51,157,357,449,486,54
2022-10-11,00,Deutschland,17,19,21,51,162,351,478,509,53
2022-10-12,00,Deutschland,25,23,19,51,155,353,490,506,47
2022-10-13,00,Deutschland,28,23,19,52,153,350,514,526,47
2022-10-14,00,Deutschland,29,13,22,51,163,361,490,506,50
2022-10-15,00,Deutschland,23,16,22,52,161,370,484,463,65
2022-10-16,00,Deutschland,26,17,24,50,171,371,498,482,66
2022-10-17,00,Deutschland,26,21,24,55,186,382,530,503,59
2022-10-18,00,Deutschland,27,17,28,58,182,383,560,532,55
2022-10-19,00,Deutschland,25,16,28,62,174,366,556,533,61
2022-10-20,00,Deutschland,26,15,26,57,165,365,539,557,62
2022-10-21,00,Deutschland,26,20,21,59,174,367,516,526,53
2022-10-22,00,Deutschland,28,19,20,53,163,371,513,531,54
2022-10-23,00,Deutschland,26,18,24,50,151,373,517,512,70
2022-10-24,00,Deutschland,26,17,22,52,166,381,549,504,57
2022-10-25,00,Deutschland,22,18,19,49,162,369,559,511,64
2022-10-26,00,Deutschland,19,11,21,43,161,365,535,499,73
2022-10-27,00,Deutschland,18,14,23,38,151,361,527,497,56
2022-10-28,00,Deutschland,18,11,23,34,158,359,505,477,58
2022-10-29,00,Deutschland,15,12,21,27,154,368,465,471,59
2022-10-30,00,Deutschland,14,11,20,23,147,369,465,475,61
2022-10-31,00,Deutschland,15,11,18,32,146,377,464,465,56
2022-11-01,00,Deutschland,17,11,18,37,155,357,480,455,53
2022-11-02,00,Deutschland,21,11,21,38,155,365,469,431,46
2022-11-03,00,Deutschland,16,10,21,36,155,353,445,407,42
2022-11-04,00,Deutschland,18,10,21,36,139,331,432,387,44
2022-11-05,00,Deutschland,18,9,16,36,133,313,425,360,39
2022-11-06,00,Deutschland,19,9,15,34,128,329,424,352,33
2022-11-07,00,Deutschland,16,6,13,30,133,307,422,353,31
2022-11-08,00,Deutschland,17,10,15,30,126,293,411,344,41
2022-11-09,00,Deutschland,15,8,17,33,124,285,398,311,31
2022-11-10,00,Deutschland,15,6,17,32,111,271,372,338,27
2022-11-11,00,Deutschland,15,7,18,34,107,261,358,304,36
2022-11-12,00,Deutschland,16,5,21,26,102,260,352,303,39
2022-11-13,00,Deutschland,12,7,20,27,97,250,339,286,41
2022-11-14,00,Deutschland,17,6,19,33,95,245,334,307,40
2022-11-15,00,Deutschland,14,7,15,30,93,246,310,297,31
2022-11-16,00,Deutschland,12,8,13,29,83,241,326,275,30
2022-11-17,00,Deutschland,16,6,10,24,82,224,304,255,33
2022-11-18,00,Deutschland,15,3,10,26,85,215,300,251,32
2022-11-19,00,Deutschland,13,4,7,25,85,213,274,242,39
2022-11-20,00,Deutschland,14,4,7,24,84,213,277,240,40
2022-11-21,00,Deutschland,16,7,9,27,95,209,277,247,32
2022-11-22,00,Deutschland,13,7,10,26,99,210,287,251,38
2022-11-23,00,Deutschland,12,4,11,25,92,209,295,245,32
2022-11-24,00,Deutschland,14,4,10,24,83,199,281,248,34
2022-11-25,00,Deutschland,13,9,11,25,87,192,269,249,32
2022-11-26,00,Deutschland,13,7,13,33,79,196,258,247,37
2022-11-27,00,Deutschland,15,7,16,27,79,196,262,257,38
2022-11-28,00,Deutschland,16,10,20,31,82,204,262,274,29
2022-11-29,00,Deutschland,15,8,23,31,81,194,257,257,29
2022-11-30,00,Deutschland,14,7,21,29,81,191,270,257,30
2022-12-01,00,Deutschland,15,9,17,28,78,188,278,243,26
2022-12-02,00,Deutschland,15,9,19,31,78,187,291,243,30
2022-12-03,00,Deutschland,18,7,15,32,84,184,297,248,41
2022-12-04,00,Deutschland,19,10,19,30,82,189,299,270,33
2022-12-05,00,Deutschland,22,8,15,29,81,201,302,280,32
2022-12-06,00,Deutschland,24,7,14,34,92,206,317,283,36
2022-12-07,00,Deutschland,22,7,11,31,94,208,299,277,42
2022-12-08,00,Deutschland,23,9,13,35,97,201,279,273,39
2022-12-09,00,Deutschland,22,11,12,31,99,212,293,278,44
2022-12-10,00,Deutschland,20,11,14,27,94,192,296,284,42
2022-12-11,00,Deutschland,24,14,16,24,85,193,310,274,47
2022-12-12,00,Deutschland,17,14,15,28,95,210,338,292,59
2022-12-13,00,Deutschland,11,9,16,36,93,237,320,321,62
2022-12-14,00,Deutschland,14,10,17,33,94,234,315,290,66
2022-12-15,00,Deutschland,13,11,17,33,100,235,315,286,68
2022-12-16,00,Deutschland,17,11,22,39,105,240,327,299,63
2022-12-17,00,Deutschland,16,8,18,33,107,247,323,289,63
2022-12-18,00,Deutschland,20,9,24,34,103,254,340,296,56
2022-12-19,00,Deutschland,21,6,19,36,102,261,349,327,54
2022-12-20,00,Deutschland,18,7,15,41,101,272,362,326,54
2022-12-21,00,Deutschland,21,8,17,39,109,284,364,338,51
2022-12-22,00,Deutschland,23,8,16,44,110,289,367,335,51
2022-12-23,00,Deutschland,20,9,15,40,114,277,377,361,57
2022-12-24,00,Deutschland,18,7,17,35,104,274,371,353,66
2022-12-25,00,Deutschland,16,10,19,43,109,273,385,353,60
2022-12-26,00,Deutschland,15,8,17,44,112,284,400,376,56
2022-12-27,00,Deutschland,12,18,23,44,123,311,419,374,60
2022-12-28,00,Deutschland,13,17,20,39,126,309,413,382,68
2022-12-29,00,Deutschland,12,16,18,48,122,300,424,389,57
2022-12-30,00,Deutschland,10,17,20,54,113,311,426,384,63
2022-12-31,00,Deutschland,9,17,20,57,111,300,420,377,55
2023-01-01,00,Deutschland,9,19,13,59,116,312,414,383,51
2023-01-02,00,Deutschland,11,18,17,55,121,317,426,396,33
2023-01-03,00,Deutschland,16,20,20,54,121,312,418,392,36
2023-01-04,00,Deutschland,9,14,21,50,119,302,424,370,40
2023-01-05,00,Deutschland,8,15,19,45,110,290,400,361,62
2023-01-06,00,Deutschland,6,15,14,49,102,278,406,366,60
2023-01-07,00,Deutschland,7,13,15,48,102,287,404,351,49
2023-01-08,00,Deutschland,7,10,14,49,101,305,409,342,44
2023-01-09,00,Deutschland,7,10,15,53,97,309,425,328,40
2023-01-10,00,Deutschland,5,11,17,43,92,287,393,317,49
2023-01-11,00,Deutschland,10,12,12,37,80,295,363,298,44
2023-01-12,00,Deutschland,10,14,13,34,82,281,330,283,57
2023-01-13,00,Deutschland,10,12,13,36,87,267,318,270,46
2023-01-14,00,Deutschland,11,12,10,29,83,263,303,244,42
2023-01-15,00,Deutschland,11,11,11,28,81,251,295,253,53
2023-01-16,00,Deutschland,6,13,12,27,76,233,289,256,43
2023-01-17,00,Deutschland,7,15,9,30,83,221,266,226,40
2023-01-18,00,Deutschland,8,11,7,33,85,210,258,204,34
2023-01-19,00,Deutschland,8,10,10,31,74,192,260,205,35
2023-01-20,00,Deutschland,9,7,9,26,79,184,247,175,39
2023-01-21,00,Deutschland,6,7,10,19,80,170,228,167,33
2023-01-22,00,Deutschland,7,8,10,19,77,166,221,161,30
2023-01-23,00,Deutschland,7,7,10,21,78,162,211,147,29
2023-01-24,00,Deutschland,11,10,10,17,78,166,202,155,20
2023-01-25,00,Deutschland,10,8,10,20,80,154,205,157,28
2023-01-26,00,Deutschland,13,7,6,19,69,138,194,164,25
2023-01-27,00,Deutschland,10,6,7,20,62,129,204,154,21
2023-01-28,00,Deutschland,12,6,7,19,65,129,187,140,26
2023-01-29,00,Deutschland,12,6,7,21,64,135,181,140,31
2023-01-30,00,Deutschland,11,9,8,21,62,148,183,161,23
2023-01-31,00,Deutschland,10,7,8,18,61,138,177,153,25
2023-02-01,00,Deutschland,11,6,6,15,60,131,177,167,27
2023-02-02,00,Deutschland,10,7,4,16,65,136,185,165,27
2023-02-03,00,Deutschland,14,8,7,20,63,133,189,158,24
2023-02-04,00,Deutschland,11,6,6,19,58,128,182,173,20
2023-02-05,00,Deutschland,12,7,6,17,57,131,188,178,20
2023-02-06,00,Deutschland,12,10,8,20,59,136,187,185,23
2023-02-07,00,Deutschland,13,8,6,22,67,141,188,195,28
2023-02-08,00,Deutschland,13,10,7,24,73,135,202,189,34
2023-02-09,00,Deutschland,15,11,6,23,71,138,198,175,30
2023-02-10,00,Deutschland,15,11,6,25,80,140,195,166,31
2023-02-11,00,Deutschland,19,10,7,23,79,147,190,186,34
2023-02-12,00,Deutschland,17,10,10,20,81,150,195,195,35
2023-02-13,00,Deutschland,15,6,6,20,82,162,222,196,33
2023-02-14,00,Deutschland,17,9,8,22,83,169,219,206,29
2023-02-15,00,Deutschland,20,7,9,20,89,166,219,216,32
2023-02-16,00,Deutschland,24,6,11,26,91,172,238,232,37
2023-02-17,00,Deutschland,23,6,12,26,97,170,262,237,41
2023-02-18,00,Deutschland,21,8,13,24,102,167,237,233,43
2023-02-19,00,Deutschland,23,12,11,22,92,166,226,243,43
2023-02-20,00,Deutschland,27,10,10,30,92,184,279,264,33
2023-02-21,00,Deutschland,33,9,15,26,92,185,297,271,43
2023-02-22,00,Deutschland,31,7,15,28,91,187,314,284,45
2023-02-23,00,Deutschland,28,8,12,26,89,201,302,302,42
2023-02-24,00,Deutschland,22,7,11,21,93,218,319,289,37
2023-02-25,00,Deutschland,27,7,15,27,103,204,323,294,41
2023-02-26,00,Deutschland,24,9,13,26,107,200,328,289,45
2023-02-27,00,Deutschland,27,8,11,27,106,208,339,288,38
2023-02-28,00,Deutschland,24,11,13,27,110,222,313,291,40
2023-03-01,00,Deutschland,24,12,10,28,107,213,306,298,36
2023-03-02,00,Deutschland,21,14,13,25,92,208,305,293,28
2023-03-03,00,Deutschland,23,9,13,29,91,210,315,287,25
2023-03-04,00,Deutschland,26,9,12,23,88,204,324,278,31
2023-03-05,00,Deutschland,27,8,11,23,92,205,336,294,33
2023-03-06,00,Deutschland,22,7,18,24,86,205,346,301,37
2023-03-07,00,Deutschland,25,8,20,23,89,226,347,302,45
2023-03-08,00,Deutschland,28,11,20,19,99,226,342,314,52
2023-03-09,00,Deutschland,28,7,22,23,98,232,341,322,43
2023-03-10,00,Deutschland,24,11,24,23,99,233,349,308,45
2023-03-11,00,Deutschland,21,10,22,27,91,230,345,307,44
2023-03-12,00,Deutschland,19,11,20,30,95,234,349,318,47
2023-03-13,00,Deutschland,24,8,22,31,103,233,362,335,52
2023-03-14,00,Deutschland,26,13,25,33,114,239,369,321,50
2023-03-15,00,Deutschland,28,11,21,35,112,250,366,325,48
2023-03-16,00,Deutschland,26,11,21,38,110,251,365,345,52
2023-03-17,00,Deutschland,28,10,19,37,112,255,368,346,49
2023-03-18,00,Deutschland,27,10,20,42,113,250,353,337,59
2023-03-19,00,Deutschland,25,12,20,45,109,251,342,348,58
2023-03-20,00,Deutschland,23,12,20,44,117,247,348,365,45
2023-03-21,00,Deutschland,26,14,18,42,120,266,358,387,50
2023-03-22,00,Deutschland,27,15,19,38,124,256,347,363,50
2023-03-23,00,Deutschland,22,12,18,43,126,238,360,365,40
2023-03-24,00,Deutschland,25,11,21,38,114,238,359,344,40
2023-03-25,00,Deutschland,24,7,21,40,109,230,360,339,46
2023-03-26,00,Deutschland,21,9,20,42,108,227,348,330,42
2023-03-27,00,Deutschland,21,10,20,45,106,220,369,342,40
2023-03-28,00,Deutschland,16,8,21,39,105,209,368,318,38
2023-03-29,00,Deutschland,17,7,20,45,101,206,354,293,36
2023-03-30,00,Deutschland,17,7,20,44,99,209,343,283,40
2023-03-31,00,Deutschland,16,8,20,33,105,214,343,278,47
2023-04-01,00,Deutschland,13,9,16,33,100,217,335,280,48
2023-04-02,00,Deutschland,12,9,17,31,89,219,327,278,53
2023-04-03,00,Deutschland,13,9,17,30,75,206,319,267,51
2023-04-04,00,Deutschland,14,9,16,26,82,217,302,256,45
2023-04-05,00,Deutschland,12,7,18,27,79,218,285,240,44
2023-04-06,00,Deutschland,7,6,16,28,72,208,279,226,42
2023-04-07,00,Deutschland,10,4,15,24,68,196,260,224,42
2023-04-08,00,Deutschland,8,6,16,19,66,193,256,202,44
2023-04-09,00,Deutschland,7,8,14,20,65,200,255,202,46
2023-04-10,00,Deutschland,7,9,11,20,63,202,249,191,47
2023-04-11,00,Deutschland,8,7,11,20,69,201,240,206,46
2023-04-12,00,Deutschland,10,5,12,22,68,182,225,199,44
2023-04-13,00,Deutschland,11,4,9,20,64,170,234,194,39
2023-04-14,00,Deutschland,10,6,9,17,64,158,226,191,38
2023-04-15,00,Deutschland,9,4,7,17,63,158,223,194,34
2023-04-16,00,Deutschland,9,5,10,15,60,162,225,179,35
2023-04-17,00,Deutschland,9,4,10,15,63,158,215,181,45
2023-04-18,00,Deutschland,10,4,7,15,59,158,211,183,47
2023-04-19,00,Deutschland,11,4,5,13,59,155,197,169,49
2023-04-20,00,Deutschland,9,3,5,14,57,144,199,164,41
2023-04-21,00,Deutschland,11,3,4,20,63,137,183,164,41
2023-04-22,00,Deutschland,10,5,3,18,60,131,186,149,43
2023-04-23,00,Deutschland,10,6,5,16,56,133,196,149,38
2023-04-24,00,Deutschland,12,8,5,20,55,134,187,155,44
2023-04-25,00,Deutschland,10,7,5,19,56,134,181,136,41
2023-04-26,00,Deutschland,12,5,5,17,57,127,174,128,29
2023-04-27,00,Deutschland,13,5,7,15,53,122,176,126,28
2023-04-28,00,Deutschland,12,5,6,21,47,104,167,124,34
2023-04-29,00,Deutschland,11,5,6,20,48,106,159,124,37
2023-04-30,00,Deutschland,10,5,6,21,46,109,153,125,37
2023-05-01,00,Deutschland,10,6,4,21,46,115,155,118,41
2023-05-02,00,Deutschland,11,7,3,22,47,113,150,119,35
2023-05-03,00,Deutschland,7,6,4,23,46,108,138,111,28
2023-05-04,00,Deutschland,8,7,4,22,43,98,134,108,26
2023-05-05,00,Deutschland,7,3,4,23,46,92,124,112,39
2023-05-06,00,Deutschland,6,4,5,19,46,97,116,114,29
2023-05-07,00,Deutschland,4,4,3,20,46,89,108,113,30
2023-05-08,00,Deutschland,5,4,4,20,45,79,111,103,39
2023-05-09,00,Deutschland,5,4,1,19,45,83,100,99,31
2023-05-10,00,Deutschland,6,5,3,17,37,82,95,90,32
2023-05-11,00,Deutschland,7,3,2,12,36,77,103,81,26
2023-05-12,00,Deutschland,6,3,4,12,28,78,93,81,38
2023-05-13,00,Deutschland,6,3,4,10,26,75,95,81,39
2023-05-14,00,Deutschland,7,2,4,11,28,79,95,76,38
2023-05-15,00,Deutschland,8,3,4,13,26,77,99,75,32
2023-05-16,00,Deutschland,7,1,5,10,27,76,95,78,26
2023-05-17,00,Deutschland,7,1,5,10,27,68,93,66,28
2023-05-18,00,Deutschland,6,2,4,9,33,67,98,70,24
2023-05-19,00,Deutschland,6,1,3,9,36,60,98,70,25
2023-05-20,00,Deutschland,6,1,3,8,32,61,92,67,26
2023-05-21,00,Deutschland,6,1,2,9,30,66,99,71,25
2023-05-22,00,Deutschland,6,1,2,6,29,68,94,61,23
2023-05-23,00,Deutschland,4,0,2,7,32,64,88,57,23
2023-05-24,00,Deutschland,3,0,2,6,28,62,76,62,21
2023-05-25,00,Deutschland,3,0,1,6,24,60,62,53,20
2023-05-26,00,Deutschland,5,0,0,7,24,59,64,57,21
2023-05-27,00,Deutschland,6,0,0,8,23,62,73,59,23
2023-05-28,00,Deutschland,6,1,2,8,23,55,68,51,21
2023-05-29,00,Deutschland,6,0,1,8,25,54,71,48,21
2023-05-30,00,Deutschland,8,0,1,8,25,49,76,44,15
2023-05-31,00,Deutschland,8,0,1,9,23,50,73,40,14
2023-06-01,00,Deutschland,7,1,1,9,22,51,59,40,10
2023-06-02,00,Deutschland,6,3,2,7,21,50,54,43,13
2023-06-03,00,Deutschland,7,3,2,9,21,45,48,38,13
2023-06-04,00,Deutschland,7,2,2,9,22,48,48,41,11
2023-06-05,00,Deutschland,6,2,2,8,22,48,53,47,11
2023-06-06,00,Deutschland,8,2,2,7,21,42,48,53,10
2023-06-07,00,Deutschland,7,0,2,4,18,42,41,48,9
2023-06-08,00,Deutschland,6,0,2,3,14,39,41,45,8
2023-06-09,00,Deutschland,6,0,1,3,14,40,43,50,10
2023-06-10,00,Deutschland,6,0,3,3,16,40,41,53,9
2023-06-11,00,Deutschland,6,0,4,4,18,42,41,55,9
2023-06-12,00,Deutschland,6,0,4,2,20,42,42,48,9
2023-06-13,00,Deutschland,6,0,5,6,20,41,42,54,9
2023-06-14,00,Deutschland,5,0,3,8,20,40,44,49,12
2023-06-15,00,Deutschland,5,0,3,6,18,38,45,44,12
2023-06-16,00,Deutschland,5,1,3,7,17,33,41,38,7
2023-06-17,00,Deutschland,3,1,2,6,15,33,38,37,7
2023-06-18,00,Deutschland,3,1,2,6,14,31,39,30,7
2023-06-19,00,Deutschland,3,1,2,5,18,35,36,28,7
2023-06-20,00,Deutschland,3,1,2,5,16,34,33,23,7
2023-06-21,00,Deutschland,3,1,1,5,17,35,35,25,8
2023-06-22,00,Deutschland,3,1,1,6,17,33,35,24,8
2023-06-23,00,Deutschland,3,0,1,6,17,32,28,25,10
2023-06-24,00,Deutschland,3,0,1,4,16,31,28,25,9
2023-06-25,00,Deutschland,3,0,1,3,13,30,26,25,10
2023-06-26,00,Deutschland,3,0,1,3,13,27,24,21,8
2023-06-27,00,Deutschland,3,0,2,3,13,21,24,18,7
2023-06-28,00,Deutschland,3,0,2,2,13,22,20,19,7
2023-06-29,00,Deutschland,3,0,3,2,15,22,20,13,7
2023-06-30,00,Deutschland,3,0,2,2,12,24,25,13,9
2023-07-01,00,Deutschland,3,0,2,3,13,22,24,15,10
2023-07-02,00,Deutschland,3,0,2,3,13,21,22,16,9
2023-07-03,00,Deutschland,3,0,2,3,14,18,20,14,10
2023-07-04,00,Deutschland,3,0,2,2,12,18,18,14,11
2023-07-05,00,Deutschland,3,0,2,3,13,18,20,13,13
2023-07-06,00,Deutschland,3,0,3,4,12,17,21,15,13
2023-07-07,00,Deutschland,3,0,3,4,13,16,21,13,12
2023-07-08,00,Deutschland,3,0,3,4,12,15,21,14,12
2023-07-09,00,Deutschland,3,1,3,4,12,13,20,13,11
2023-07-10,00,Deutschland,3,1,2,3,13,15,22,13,9
2023-07-11,00,Deutschland,3,0,3,3,16,16,20,14,8
2023-07-12,00,Deutschland,3,0,3,3,15,17,19,8,8
2023-07-13,00,Deutschland,4,0,2,3,13,19,20,6,10
2023-07-14,00,Deutschland,2,0,2,5,13,17,20,6,8
2023-07-15,00,Deutschland,2,0,1,5,14,18,18,8,8
2023-07-16,00,Deutschland,2,0,0,5,15,17,17,9,9
2023-07-17,00,Deutschland,2,0,0,3,12,16,22,14,7
2023-07-18,00,Deutschland,2,0,0,4,11,14,22,17,7
2023-07-19,00,Deutschland,2,0,0,3,11,18,23,19,6
2023-07-20,00,Deutschland,2,0,0,2,11,17,25,13,6
2023-07-21,00,Deutschland,3,0,0,3,11,23,26,10,5
2023-07-22,00,Deutschland,3,0,0,3,14,18,25,11,5
2023-07-23,00,Deutschland,4,0,0,3,14,17,23,10,3
2023-07-24,00,Deutschland,4,0,0,3,14,17,22,15,3
2023-07-25,00,Deutschland,4,0,0,2,12,21,23,15,4
2023-07-26,00,Deutschland,3,0,0,2,12,17,26,10,6
2023-07-27,00,Deutschland,3,0,0,2,11,18,25,10,4
2023-07-28,00,Deutschland,3,0,0,2,12,15,26,8,4
2023-07-29,00,Deutschland,3,0,0,2,12,13,24,9,4
2023-07-30,00,Deutschland,3,0,0,2,11,12,23,7,5
2023-07-31,00,Deutschland,3,1,0,2,12,11,25,7,3
2023-08-01,00,Deutschland,3,1,0,2,14,11,24,9,2
2023-08-02,00,Deutschland,3,1,0,2,15,9,24,10,2
2023-08-03,00,Deutschland,2,2,0,2,15,8,21,11,2
2023-08-04,00,Deutschland,2,1,0,2,12,10,19,11,2
2023-08-05,00,Deutschland,2,1,0,2,11,13,26,12,3
2023-08-06,00,Deutschland,2,1,1,2,11,14,27,15,3
2023-08-07,00,Deutschland,2,2,0,2,12,12,28,21,3
2023-08-08,00,Deutschland,3,1,0,2,11,14,30,25,3
2023-08-09,00,Deutschland,3,1,0,4,11,14,36,21,2
2023-08-10,00,Deutschland,3,1,0,2,13,13,31,24,2
2023-08-11,00,Deutschland,3,1,1,3,15,12,33,25,1
2023-08-12,00,Deutschland,2,1,1,3,16,12,34,26,2
2023-08-13,00,Deutschland,3,1,1,3,16,13,38,30,3
2023-08-14,00,Deutschland,4,1,1,4,16,20,41,33,3
2023-08-15,00,Deutschland,4,1,1,4,17,18,49,36,4
2023-08-16,00,Deutschland,4,1,2,3,17,19,54,32,6
2023-08-17,00,Deutschland,4,1,2,5,16,22,50,35,6
2023-08-18,00,Deutschland,4,1,2,4,11,26,49,39,9
2023-08-19,00,Deutschland,4,2,2,3,12,24,47,38,12
2023-08-20,00,Deutschland,4,1,2,2,16,25,48,36,13
2023-08-21,00,Deutschland,4,1,2,4,18,31,47,48,8
2023-08-22,00,Deutschland,4,1,2,3,16,33,48,53,8
2023-08-23,00,Deutschland,5,2,3,3,17,35,50,57,7
2023-08-24,00,Deutschland,4,0,3,4,16,32,60,56,7
2023-08-25,00,Deutschland,5,2,2,2,21,33,66,59,8
2023-08-26,00,Deutschland,5,2,1,1,21,28,58,54,7
2023-08-27,00,Deutschland,6,1,1,1,24,29,57,53,10
2023-08-28,00,Deutschland,5,0,1,1,22,29,59,54,10
2023-08-29,00,Deutschland,4,1,0,1,19,30,58,53,7
2023-08-30,00,Deutschland,4,2,0,2,17,31,52,55,12
2023-08-31,00,Deutschland,4,3,0,2,14,29,53,51,11
2023-09-01,00,Deutschland,4,2,0,2,16,28,50,51,11
2023-09-02,00,Deutschland,6,2,0,3,15,25,56,49,9
2023-09-03,00,Deutschland,6,3,0,3,16,31,55,49,9
2023-09-04,00,Deutschland,7,5,2,5,16,36,48,57,13
2023-09-05,00,Deutschland,8,2,3,4,16,37,50,60,12
2023-09-06,00,Deutschland,9,2,4,4,16,30,58,56,10
2023-09-07,00,Deutschland,8,2,3,3,17,28,56,62,7
2023-09-08,00,Deutschland,8,2,3,1,17,30,59,65,9
2023-09-09,00,Deutschland,7,2,3,4,15,36,50,61,13
2023-09-10,00,Deutschland,7,2,4,5,14,41,52,67,14
2023-09-11,00,Deutschland,8,2,3,7,18,45,55,78,14
2023-09-12,00,Deutschland,5,2,2,8,19,47,63,75,17
2023-09-13,00,Deutschland,5,2,4,6,18,41,63,74,17
2023-09-14,00,Deutschland,6,0,4,7,15,35,59,76,20
2023-09-15,00,Deutschland,5,1,3,8,19,33,60,76,14
2023-09-16,00,Deutschland,6,1,3,10,17,38,54,78,12
2023-09-17,00,Deutschland,4,1,4,11,16,42,58,70,18
2023-09-18,00,Deutschland,4,1,2,11,15,47,65,70,12
2023-09-19,00,Deutschland,5,1,5,11,14,38,74,69,16
2023-09-20,00,Deutschland,7,1,6,12,17,38,73,69,20
2023-09-21,00,Deutschland,6,2,8,10,17,38,76,67,17
2023-09-22,00,Deutschland,10,1,9,10,16,32,76,60,17
2023-09-23,00,Deutschland,10,1,7,12,21,31,78,65,22
2023-09-24,00,Deutschland,9,1,7,10,20,31,76,67,19
2023-09-25,00,Deutschland,9,1,5,12,19,45,77,73,11
2023-09-26,00,Deutschland,8,2,3,11,16,43,79,61,16
2023-09-27,00,Deutschland,10,1,4,10,15,46,81,67,18
2023-09-28,00,Deutschland,9,1,3,12,15,41,76,67,20
2023-09-29,00,Deutschland,9,1,2,12,13,51,74,73,19
2023-09-30,00,Deutschland,7,1,2,11,15,46,85,75,18
2023-10-01,00,Deutschland,7,1,2,12,12,49,90,82,18
2023-10-02,00,Deutschland,6,3,3,14,13,51,99,78,15
2023-10-03,00,Deutschland,6,4,4,14,15,55,101,77,16
2023-10-04,00,Deutschland,5,2,2,12,16,60,101,82,13
2023-10-05,00,Deutschland,4,1,3,13,18,58,99,88,16
2023-10-06,00,Deutschland,4,2,3,17,18,66,105,93,20
2023-10-07,00,Deutschland,5,2,3,17,17,70,111,90,15
2023-10-08,00,Deutschland,6,1,4,20,18,70,117,100,19
2023-10-09,00,Deutschland,6,1,6,18,23,72,113,106,21
2023-10-10,00,Deutschland,4,3,6,14,31,74,126,110,21
2023-10-11,00,Deutschland,7,4,6,14,32,71,134,128,18
2023-10-12,00,Deutschland,7,3,5,13,29,71,132,123,21
2023-10-13,00,Deutschland,7,2,5,10,28,72,129,136,24
2023-10-14,00,Deutschland,6,3,5,10,31,74,121,142,27
2023-10-15,00,Deutschland,6,4,7,9,30,83,122,145,21
2023-10-16,00,Deutschland,7,5,9,11,35,93,135,146,16
2023-10-17,00,Deutschland,6,5,8,10,33,98,136,148,20
2023-10-18,00,Deutschland,7,5,6,11,35,104,134,146,24
2023-10-19,00,Deutschland,6,5,6,10,30,97,135,156,29
2023-10-20,00,Deutschland,8,5,6,10,30,100,130,162,28
2023-10-21,00,Deutschland,8,5,7,12,38,102,137,164,34
2023-10-22,00,Deutschland,9,6,5,14,38,107,150,168,30
2023-10-23,00,Deutschland,9,6,5,16,36,126,166,178,29
2023-10-24,00,Deutschland,7,8,7,20,41,127,170,197,32
2023-10-25,00,Deutschland,10,6,7,22,43,127,169,198,29
2023-10-26,00,Deutschland,10,4,9,21,48,130,168,204,26
2023-10-27,00,Deutschland,14,4,8,18,46,140,172,189,36
2023-10-28,00,Deutschland,16,3,9,19,42,139,176,193,36
2023-10-29,00,Deutschland,13,2,13,15,45,143,183,207,36
2023-10-30,00,Deutschland,9,3,13,16,51,138,187,225,42
2023-10-31,00,Deutschland,7,3,15,17,51,142,193,243,41
2023-11-01,00,Deutschland,7,5,15,21,54,134,198,232,43
2023-11-02,00,Deutschland,8,6,13,22,51,149,230,231,35
2023-11-03,00,Deutschland,8,6,14,21,51,152,231,233,42
2023-11-04,00,Deutschland,9,4,9,17,52,155,225,239,50
2023-11-05,00,Deutschland,7,4,10,17,55,155,240,252,43
2023-11-06,00,Deutschland,9,2,9,14,59,157,248,254,41
2023-11-07,00,Deutschland,11,1,9,17,63,160,263,275,38
2023-11-08,00,Deutschland,12,1,8,17,58,167,263,264,38
2023-11-09,00,Deutschland,10,2,8,16,65,159,275,247,31
2023-11-10,00,Deutschland,13,4,10,18,65,138,260,238,39
2023-11-11,00,Deutschland,14,5,11,19,63,139,256,233,40
2023-11-12,00,Deutschland,13,5,8,19,58,148,259,237,37
2023-11-13,00,Deutschland,15,5,8,18,57,173,269,260,42
2023-11-14,00,Deutschland,13,5,8,23,65,173,291,279,37
2023-11-15,00,Deutschland,10,3,9,24,63,178,290,283,32
2023-11-16,00,Deutschland,15,3,9,26,64,182,291,272,47
2023-11-17,00,Deutschland,16,3,12,28,69,194,292,274,41
2023-11-18,00,Deutschland,17,5,10,27,67,189,282,276,42
2023-11-19,00,Deutschland,16,5,10,28,68,196,286,292,43
2023-11-20,00,Deutschland,14,7,11,32,66,201,296,298,42
2023-11-21,00,Deutschland,13,6,11,32,74,205,311,301,38
2023-11-22,00,Deutschland,18,5,8,32,71,188,317,288,37
2023-11-23,00,Deutschland,19,7,9,23,69,181,325,290,44
2023-11-24,00,Deutschland,18,4,11,22,66,176,313,266,53
2023-11-25,00,Deutschland,17,5,9,18,61,177,307,263,55
2023-11-26,00,Deutschland,17,5,9,20,64,183,317,283,50
2023-11-27,00,Deutschland,17,3,10,22,70,186,321,302,50
2023-11-28,00,Deutschland,21,6,10,24,64,198,338,302,46
2023-11-29,00,Deutschland,23,8,8,31,64,202,318,299,54
2023-11-30,00,Deutschland,23,9,11,31,62,185,304,295,58
2023-12-01,00,Deutschland,22,8,12,27,66,200,289,292,58
2023-12-02,00,Deutschland,25,10,10,27,65,188,289,286,63
2023-12-03,00,Deutschland,25,10,10,32,68,198,312,269,69
2023-12-04,00,Deutschland,24,11,13,32,72,220,342,287,56
2023-12-05,00,Deutschland,22,10,14,28,71,237,352,274,73
2023-12-06,00,Deutschland,24,9,12,28,69,230,341,276,75
2023-12-07,00,Deutschland,22,10,15,24,69,229,335,308,80
2023-12-08,00,Deutschland,23,8,13,27,80,236,350,311,73
2023-12-09,00,Deutschland,24,6,11,30,78,240,370,305,64
2023-12-10,00,Deutschland,23,6,15,32,85,239,368,318,76
2023-12-11,00,Deutschland,21,4,18,33,89,235,352,319,71
2023-12-12,00,Deutschland,27,5,19,39,84,258,369,308,66
2023-12-13,00,Deutschland,28,7,20,36,88,248,360,317,61
2023-12-14,00,Deutschland,26,7,22,41,84,270,376,317,69
2023-12-15,00,Deutschland,28,7,20,42,101,260,381,324,77
2023-12-16,00,Deutschland,29,7,20,44,99,258,374,326,71
2023-12-17,00,Deutschland,28,8,22,40,102,252,369,332,78
2023-12-18,00,Deutschland,25,9,23,39,103,273,378,354,67
2023-12-19,00,Deutschland,26,13,21,34,99,280,382,366,68
2023-12-20,00,Deutschland,22,9,24,32,105,277,375,373,66
2023-12-21,00,Deutschland,19,11,22,34,107,283,374,343,62
2023-12-22,00,Deutschland,19,8,28,32,103,269,352,349,67
2023-12-23,00,Deutschland,21,9,25,30,98,271,348,332,78
2023-12-24,00,Deutschland,22,12,24,32,96,267,343,346,68
2023-12-25,00,Deutschland,22,13,24,34,97,260,342,337,66
2023-12-26,00,Deutschland,24,14,25,34,109,278,343,335,84
2023-12-27,00,Deutschland,22,15,20,33,104,278,346,331,72
2023-12-28,00,Deutschland,30,11,17,30,99,255,353,318,78
2023-12-29,00,Deutschland,29,9,11,29,92,249,345,311,78
2023-12-30,00,Deutschland,26,8,10,26,83,229,339,301,70
2023-12-31,00,Deutschland,23,8,11,23,82,226,326,281,66
2024-01-01,00,Deutschland,20,10,11,24,80,206,327,280,71
2024-01-02,00,Deutschland,21,9,12,23,73,222,321,265,71
2024-01-03,00,Deutschland,22,10,15,26,72,214,318,254,71
2024-01-04,00,Deutschland,28,10,13,30,73,210,302,255,63
2024-01-05,00,Deutschland,21,9,14,31,69,198,279,233,64
2024-01-06,00,Deutschland,20,8,16,31,66,188,259,212,72
2024-01-07,00,Deutschland,21,8,14,32,61,191,245,210,65
2024-01-08,00,Deutschland,19,8,13,30,65,185,241,203,60
2024-01-09,00,Deutschland,18,5,10,25,57,169,240,180,56
2024-01-10,00,Deutschland,18,7,12,25,52,159,226,163,53
2024-01-11,00,Deutschland,18,7,13,21,46,150,214,154,47
2024-01-12,00,Deutschland,16,5,13,19,52,146,207,157,52
2024-01-13,00,Deutschland,13,5,14,17,48,141,209,141,46
2024-01-14,00,Deutschland,15,5,15,18,57,147,201,133,47
2024-01-15,00,Deutschland,15,5,17,20,53,138,194,124,42
2024-01-16,00,Deutschland,13,5,19,19,52,141,179,111,47
2024-01-17,00,Deutschland,17,4,18,18,48,125,165,112,44
2024-01-18,00,Deutschland,15,5,16,16,46,122,161,114,45
2024-01-19,00,Deutschland,15,5,15,14,44,122,160,97,40
2024-01-20,00,Deutschland,14,4,13,16,38,121,151,89,41
2024-01-21,00,Deutschland,14,3,13,17,36,115,148,85,42
2024-01-22,00,Deutschland,14,5,13,14,32,125,152,100,35
2024-01-23,00,Deutschland,13,4,10,16,35,122,141,89,30
2024-01-24,00,Deutschland,15,1,6,17,39,124,138,75,29
2024-01-25,00,Deutschland,14,3,9,15,37,110,136,85,32
2024-01-26,00,Deutschland,14,3,8,15,38,98,133,81,29
2024-01-27,00,Deutschland,14,4,8,16,37,99,132,75,34
2024-01-28,00,Deutschland,18,4,7,13,38,104,134,67,29
2024-01-29,00,Deutschland,18,1,8,14,38,105,125,67,28
2024-01-30,00,Deutschland,19,0,9,12,30,102,117,64,33
2024-01-31,00,Deutschland,16,2,9,11,30,90,112,68,33
2024-02-01,00,Deutschland,13,2,8,13,27,90,115,74,27
2024-02-02,00,Deutschland,10,2,8,13,28,78,111,73,24
2024-02-03,00,Deutschland,9,2,4,14,24,73,107,65,25
2024-02-04,00,Deutschland,8,1,4,13,22,70,103,68,23
2024-02-05,00,Deutschland,7,1,5,10,25,75,103,68,23
2024-02-06,00,Deutschland,7,1,5,9,25,76,96,65,25
2024-02-07,00,Deutschland,7,0,6,9,25,71,95,60,24
2024-02-08,00,Deutschland,7,1,5,9,24,69,88,60,23
2024-02-09,00,Deutschland,5,2,3,9,22,61,82,54,21
2024-02-10,00,Deutschland,8,2,4,8,21,59,77,58,23
2024-02-11,00,Deutschland,9,3,3,7,17,61,73,57,23
2024-02-12,00,Deutschland,8,2,3,7,17,62,70,57,21
2024-02-13,00,Deutschland,8,2,3,10,16,54,73,63,21
2024-02-14,00,Deutschland,7,5,3,6,21,42,65,66,20
2024-02-15,00,Deutschland,7,5,3,4,19,43,64,63,17
2024-02-16,00,Deutschland,6,4,3,4,17,38,64,51,16
2024-02-17,00,Deutschland,4,5,2,3,16,40,69,51,10
2024-02-18,00,Deutschland,4,5,2,3,16,39,67,47,10
2024-02-19,00,Deutschland,3,4,3,5,16,39,64,44,8
2024-02-20,00,Deutschland,1,5,4,5,13,41,64,38,10
2024-02-21,00,Deutschland,1,4,5,4,13,35,58,42,10
2024-02-22,00,Deutschland,1,3,4,4,12,32,54,39,8
2024-02-23,00,Deutschland,1,2,6,3,17,32,50,41,9
2024-02-24,00,Deutschland,1,2,5,3,15,32,49,42,11
2024-02-25,00,Deutschland,2,1,7,2,17,32,47,35,12
2024-02-26,00,Deutschland,3,2,8,2,18,27,48,38,11
2024-02-27,00,Deutschland,3,2,7,2,15,27,46,37,14
2024-02-28,00,Deutschland,4,2,4,3,10,29,45,35,10
2024-02-29,00,Deutschland,5,1,4,3,8,29,38,31,7
2024-03-01,00,Deutschland,6,1,2,5,7,27,35,31,8
2024-03-02,00,Deutschland,7,1,2,5,7,26,35,26,9
2024-03-03,00,Deutschland,7,1,2,5,7,20,38,23,10
2024-03-04,00,Deutschland,6,1,1,5,8,21,46,25,12
2024-03-05,00,Deutschland,6,1,1,4,9,20,43,21,9
2024-03-06,00,Deutschland,5,1,2,5,7,18,39,23,10
2024-03-07,00,Deutschland,5,1,1,4,7,17,39,26,11
2024-03-08,00,Deutschland,2,1,1,4,8,18,36,25,12
2024-03-09,00,Deutschland,2,1,1,4,7,16,34,24,13
2024-03-10,00,Deutschland,1,1,1,4,7,16,33,22,11
2024-03-11,00,Deutschland,2,1,1,4,8,13,32,24,11
2024-03-12,00,Deutschland,4,1,1,4,9,17,34,20,11
2024-03-13,00,Deutschland,4,1,1,5,9,18,35,26,11
2024-03-14,00,Deutschland,4,1,2,5,12,19,30,26,15
2024-03-15,00,Deutschland,2,1,2,4,9,19,29,25,12
2024-03-16,00,Deutschland,3,1,3,4,7,17,29,23,14
2024-03-17,00,Deutschland,2,1,3,4,7,18,29,24,16
2024-03-18,00,Deutschland,2,2,3,4,8,17,31,25,16
2024-03-19,00,Deutschland,4,2,2,3,8,18,32,19,12
2024-03-20,00,Deutschland,4,2,2,3,5,14,25,17,11
2024-03-21,00,Deutschland,2,2,2,4,5,16,23,12,10
2024-03-22,00,Deutschland,1,2,2,3,6,16,19,15,10
2024-03-23,00,Deutschland,3,2,1,3,5,17,20,8,8
2024-03-24,00,Deutschland,3,2,1,3,5,15,23,8,6
2024-03-25,00,Deutschland,3,2,1,4,3,18,32,14,6
2024-03-26,00,Deutschland,3,2,1,2,3,16,29,11,8
2024-03-27,00,Deutschland,4,3,1,2,3,17,28,16,6
2024-03-28,00,Deutschland,3,3,1,3,2,12,24,10,8
2024-03-29,00,Deutschland,3,2,1,3,1,13,23,7,7
2024-03-30,00,Deutschland,3,2,1,3,2,13,22,8,9
2024-03-31,00,Deutschland,3,2,1,3,2,15,22,9,11
2024-04-01,00,Deutschland,2,2,1,3,1,17,23,9,10
2024-04-02,00,Deutschland,2,2,1,2,1,14,21,9,8
2024-04-03,00,Deutschland,2,2,2,1,1,8,21,11,8
2024-04-04,00,Deutschland,2,2,3,1,4,7,19,11,6
2024-04-05,00,Deutschland,2,2,3,2,3,11,18,13,6
2024-04-06,00,Deutschland,2,2,3,2,2,11,18,14,6
2024-04-07,00,Deutschland,2,2,3,2,2,9,18,13,6
2024-04-08,00,Deutschland,2,2,3,2,2,10,18,11,6
2024-04-09,00,Deutschland,3,2,2,1,2,9,16,11,8
2024-04-10,00,Deutschland,4,2,2,1,3,8,16,7,8
2024-04-11,00,Deutschland,4,2,3,1,3,6,16,8,8
2024-04-12,00,Deutschland,4,2,2,4,1,8,24,9,8
2024-04-13,00,Deutschland,4,2,2,3,1,7,19,9,6
2024-04-14,00,Deutschland,4,2,2,3,1,7,16,8,6
2024-04-15,00,Deutschland,4,2,2,3,1,9,14,6,7
2024-04-16,00,Deutschland,3,2,2,3,3,8,12,3,8
2024-04-17,00,Deutschland,3,2,3,3,3,8,12,5,5
2024-04-18,00,Deutschland,1,2,2,3,3,10,12,6,2
2024-04-19,00,Deutschland,1,2,3,3,3,8,16,8,2
2024-04-20,00,Deutschland,2,2,3,3,3,7,15,9,2
2024-04-21,00,Deutschland,0,1,3,3,3,8,11,5,3
2024-04-22,00,Deutschland,0,1,2,3,4,9,13,7,2
2024-04-23,00,Deutschland,0,1,2,3,3,9,9,8,3
2024-04-24,00,Deutschland,0,1,1,3,4,9,9,8,3
2024-04-25,00,Deutschland,0,2,0,2,5,8,11,5,3
2024-04-26,00,Deutschland,1,2,0,1,6,11,8,4,3
2024-04-27,00,Deutschland,1,3,1,1,4,11,7,4,5
2024-04-28,00,Deutschland,1,2,1,1,7,10,9,8,4
2024-04-29,00,Deutschland,0,1,1,1,6,11,9,8,6
2024-04-30,00,Deutschland,0,1,1,1,4,10,10,7,6
2024-05-01,00,Deutschland,0,1,1,1,4,9,11,9,7
2024-05-02,00,Deutschland,0,1,2,1,4,13,13,10,6
2024-05-03,00,Deutschland,0,1,2,1,5,14,16,9,5
2024-05-04,00,Deutschland,0,1,2,2,3,13,15,10,6
2024-05-05,00,Deutschland,0,1,2,1,3,12,16,10,6
2024-05-06,00,Deutschland,0,1,2,1,2,12,16,11,5
2024-05-07,00,Deutschland,0,2,2,0,2,10,14,10,6
2024-05-08,00,Deutschland,0,2,2,1,2,10,15,11,7
2024-05-09,00,Deutschland,0,2,2,1,1,10,12,11,7
2024-05-10,00,Deutschland,1,2,2,1,2,9,13,11,5
2024-05-11,00,Deutschland,2,2,2,1,2,9,13,12,6
2024-05-12,00,Deutschland,2,2,2,1,3,10,15,12,5
2024-05-13,00,Deutschland,2,1,3,1,4,14,13,14,4
2024-05-14,00,Deutschland,1,1,3,1,5,12,12,11,4
2024-05-15,00,Deutschland,1,1,3,1,3,13,13,13,4
2024-05-16,00,Deutschland,1,1,3,2,1,13,11,14,5
2024-05-17,00,Deutschland,1,2,3,1,2,11,10,15,6
2024-05-18,00,Deutschland,1,2,3,0,2,13,6,17,7
2024-05-19,00,Deutschland,1,2,3,1,1,12,6,12,6
2024-05-20,00,Deutschland,1,2,3,2,1,12,6,12,6
2024-05-21,00,Deutschland,1,2,3,3,0,11,8,16,3
2024-05-22,00,Deutschland,1,2,2,3,0,12,6,15,4
2024-05-23,00,Deutschland,2,2,3,2,0,8,9,12,3
2024-05-24,00,Deutschland,2,1,3,2,0,7,10,9,4
2024-05-25,00,Deutschland,2,1,3,2,1,6,8,11,2
2024-05-26,00,Deutschland,2,1,3,2,3,7,7,10,2
2024-05-27,00,Deutschland,4,1,4,2,3,10,7,10,3
2024-05-28,00,Deutschland,3,1,4,2,2,9,8,8,2
2024-05-29,00,Deutschland,3,1,4,1,2,11,7,7,2
2024-05-30,00,Deutschland,4,1,3,1,2,13,7,7,3
2024-05-31,00,Deutschland,3,1,3,1,2,14,7,7,3
2024-06-01,00,Deutschland,4,1,3,2,2,12,6,10,3
2024-06-02,00,Deutschland,3,1,3,2,4,11,5,8,3
2024-06-03,00,Deutschland,2,1,3,2,3,9,11,9,3
2024-06-04,00,Deutschland,1,1,4,2,4,11,11,7,2
2024-06-05,00,Deutschland,1,1,3,3,4,9,10,9,3
2024-06-06,00,Deutschland,2,1,3,2,3,11,8,8,1
2024-06-07,00,Deutschland,1,1,3,3,3,8,8,8,1
2024-06-08,00,Deutschland,1,1,3,3,3,9,8,9,1
2024-06-09,00,Deutschland,2,2,3,3,1,8,9,6,3
2024-06-10,00,Deutschland,2,1,1,2,1,9,7,6,4
2024-06-11,00,Deutschland,2,2,0,2,2,12,7,7,4
2024-06-12,00,Deutschland,3,1,1,2,3,14,12,5,3
2024-06-13,00,Deutschland,2,1,1,2,4,12,11,11,3
2024-06-14,00,Deutschland,4,1,0,2,3,11,11,13,5
2024-06-15,00,Deutschland,3,1,0,1,3,11,11,14,5
2024-06-16,00,Deutschland,2,1,0,1,3,10,13,12,8
2024-06-17,00,Deutschland,1,1,0,0,3,10,15,18,8
2024-06-18,00,Deutschland,2,1,0,0,3,15,13,22,13
2024-06-19,00,Deutschland,1,1,0,1,3,16,15,22,12
2024-06-20,00,Deutschland,2,2,0,4,3,16,20,21,10
2024-06-21,00,Deutschland,1,1,0,5,3,18,18,24,10
2024-06-22,00,Deutschland,2,1,0,5,7,17,20,24,12
2024-06-23,00,Deutschland,4,2,0,4,7,18,19,29,14
2024-06-24,00,Deutschland,4,2,0,4,6,20,18,26,13
2024-06-25,00,Deutschland,4,3,0,7,7,20,21,22,10
2024-06-26,00,Deutschland,4,2,1,7,7,17,16,25,12
2024-06-27,00,Deutschland,4,1,1,7,8,16,15,22,13
2024-06-28,00,Deutschland,5,1,1,6,7,16,13,18,15
2024-06-29,00,Deutschland,4,1,1,4,7,22,18,23,16
2024-06-30,00,Deutschland,3,1,2,4,7,22,20,24,14
2024-07-01,00,Deutschland,3,2,4,5,6,24,27,30,12
2024-07-02,00,Deutschland,1,2,4,4,8,28,28,28,16
2024-07-03,00,Deutschland,2,3,4,4,7,25,28,26,17
2024-07-04,00,Deutschland,1,1,4,4,9,25,31,31,15
2024-07-05,00,Deutschland,1,1,1,5,8,26,32,31,17
2024-07-06,00,Deutschland,2,2,1,5,7,25,38,32,17
2024-07-07,00,Deutschland,2,1,1,7,9,23,40,33,20
2024-07-08,00,Deutschland,2,1,1,8,11,23,38,34,20
2024-07-09,00,Deutschland,3,1,0,8,15,26,44,32,24
2024-07-10,00,Deutschland,4,2,0,7,15,22,43,37,21
2024-07-11,00,Deutschland,5,2,1,6,16,25,44,38,14
2024-07-12,00,Deutschland,6,3,1,7,16,26,44,44,12
2024-07-13,00,Deutschland,4,3,2,6,17,26,45,43,15
2024-07-14,00,Deutschland,3,3,2,6,17,31,47,39,13
2024-07-15,00,Deutschland,5,3,1,5,17,32,54,37,15
2024-07-16,00,Deutschland,4,2,0,4,13,33,62,39,20
2024-07-17,00,Deutschland,2,2,0,4,15,32,63,38,17
2024-07-18,00,Deutschland,3,3,0,4,15,32,66,40,17
2024-07-19,00,Deutschland,4,5,1,4,13,32,67,36,22
2024-07-20,00,Deutschland,2,5,1,3,13,33,66,41,20
2024-07-21,00,Deutschland,2,3,1,4,14,31,62,43,21
2024-07-22,00,Deutschland,4,4,1,4,14,35,53,40,19
2024-07-23,00,Deutschland,5,5,2,4,13,33,67,47,17
2024-07-24,00,Deutschland,8,4,3,3,15,37,59,42,19
2024-07-25,00,Deutschland,7,3,0,3,11,38,53,39,21
2024-07-26,00,Deutschland,8,2,0,4,11,39,51,34,17
2024-07-27,00,Deutschland,9,1,0,5,11,32,46,40,18
2024-07-28,00,Deutschland,8,1,1,4,10,30,49,40,15
2024-07-29,00,Deutschland,8,1,1,4,13,29,48,46,20
2024-07-30,00,Deutschland,8,1,0,3,12,27,56,47,22
2024-07-31,00,Deutschland,8,1,0,2,9,33,60,47,19
2024-08-01,00,Deutschland,9,1,1,2,10,39,58,48,21
2024-08-02,00,Deutschland,7,1,2,2,11,40,70,39,20
2024-08-03,00,Deutschland,6,0,1,2,10,38,68,41,23
2024-08-04,00,Deutschland,6,0,2,2,10,37,68,39,25
2024-08-05,00,Deutschland,6,0,2,5,10,39,62,51,20
2024-08-06,00,Deutschland,4,0,2,4,11,39,59,54,17
2024-08-07,00,Deutschland,3,1,2,3,10,36,57,50,18
2024-08-08,00,Deutschland,4,0,2,3,10,41,60,50,18
2024-08-09,00,Deutschland,4,0,2,5,12,40,59,43,21
2024-08-10,00,Deutschland,4,1,2,4,12,41,66,49,21
2024-08-11,00,Deutschland,6,1,0,4,10,44,68,53,24
2024-08-12,00,Deutschland,6,1,0,4,11,47,67,57,21
2024-08-13,00,Deutschland,5,2,1,3,11,48,68,58,18
2024-08-14,00,Deutschland,5,2,2,3,9,46,55,52,16
2024-08-15,00,Deutschland,4,2,0,5,8,51,51,57,16
2024-08-16,00,Deutschland,4,2,0,3,8,49,49,54,20
2024-08-17,00,Deutschland,4,2,0,3,10,49,51,56,18
2024-08-18,00,Deutschland,5,1,0,5,9,50,50,56,19
2024-08-19,00,Deutschland,5,2,1,6,10,46,44,53,15
2024-08-20,00,Deutschland,7,1,1,3,8,45,56,61,15
2024-08-21,00,Deutschland,8,1,1,4,8,37,50,49,16
2024-08-22,00,Deutschland,7,0,1,4,11,36,45,47,18
2024-08-23,00,Deutschland,6,0,2,8,9,36,44,50,17
2024-08-24,00,Deutschland,7,0,1,7,6,39,48,52,18
2024-08-25,00,Deutschland,7,1,1,7,6,41,53,52,19
2024-08-26,00,Deutschland,8,0,1,6,4,38,51,53,22
2024-08-27,00,Deutschland,5,1,1,6,6,34,53,55,23
2024-08-28,00,Deutschland,5,3,4,7,9,36,52,51,21
2024-08-29,00,Deutschland,7,2,4,7,9,34,54,62,21
2024-08-30,00,Deutschland,6,2,2,8,11,34,57,65,19
2024-08-31,00,Deutschland,10,2,2,6,10,43,54,64,23
2024-09-01,00,Deutschland,9,3,2,7,11,45,51,57,20
2024-09-02,00,Deutschland,9,5,1,7,12,42,52,59,20
2024-09-03,00,Deutschland,8,5,1,8,14,40,51,63,20
2024-09-04,00,Deutschland,6,5,2,6,16,36,53,61,22
2024-09-05,00,Deutschland,6,5,1,5,11,35,57,60,21
2024-09-06,00,Deutschland,8,6,0,3,12,31,59,59,20
2024-09-07,00,Deutschland,6,6,2,4,12,29,60,60,25
2024-09-08,00,Deutschland,6,6,1,6,12,34,63,60,27
2024-09-09,00,Deutschland,7,5,3,4,10,39,68,70,24
2024-09-10,00,Deutschland,7,3,3,3,9,40,76,65,25
2024-09-11,00,Deutschland,6,3,2,3,11,40,66,56,19
2024-09-12,00,Deutschland,5,4,2,4,11,39,66,62,22
2024-09-13,00,Deutschland,6,3,2,3,10,42,71,56,27
2024-09-14,00,Deutschland,6,3,2,4,11,41,64,57,32
2024-09-15,00,Deutschland,5,3,2,3,11,43,63,61,28
2024-09-16,00,Deutschland,5,1,3,5,15,40,68,64,21
2024-09-17,00,Deutschland,3,2,3,4,18,32,62,72,25
2024-09-18,00,Deutschland,7,3,3,4,19,34,49,74,21
2024-09-19,00,Deutschland,5,3,4,6,20,33,46,69,24
2024-09-20,00,Deutschland,7,2,5,6,22,43,45,76,28
2024-09-21,00,Deutschland,3,2,4,6,24,44,46,85,31
2024-09-22,00,Deutschland,3,3,5,7,23,44,47,86,40
2024-09-23,00,Deutschland,2,5,5,9,26,42,55,97,32
2024-09-24,00,Deutschland,1,6,5,10,27,44,56,101,29
2024-09-25,00,Deutschland,1,6,5,7,25,49,60,104,27
2024-09-26,00,Deutschland,1,6,6,7,26,54,69,89,28
2024-09-27,00,Deutschland,0,5,5,7,23,51,73,75,33
2024-09-28,00,Deutschland,2,5,7,5,24,53,66,81,33
2024-09-29,00,Deutschland,3,5,6,6,24,50,65,81,35
2024-09-30,00,Deutschland,3,4,7,8,27,51,70,98,43
2024-10-01,00,Deutschland,4,3,6,9,32,52,69,104,45
2024-10-02,00,Deutschland,4,1,6,12,32,53,66,103,41
2024-10-03,00,Deutschland,4,1,6,13,35,58,71,98,42
2024-10-04,00,Deutschland,4,2,6,14,26,54,74,113,38
2024-10-05,00,Deutschland,6,4,6,14,24,53,85,119,41
2024-10-06,00,Deutschland,7,5,3,14,20,54,85,126,41
2024-10-07,00,Deutschland,8,5,3,17,23,60,85,132,43
2024-10-08,00,Deutschland,7,4,6,16,29,51,93,122,38
2024-10-09,00,Deutschland,8,3,6,17,34,56,93,121,46
2024-10-10,00,Deutschland,9,2,7,16,34,65,92,128,52
2024-10-11,00,Deutschland,7,2,5,18,34,67,95,125,64
2024-10-12,00,Deutschland,7,1,7,19,27,62,91,125,57
2024-10-13,00,Deutschland,8,2,9,20,25,56,96,126,64
2024-10-14,00,Deutschland,7,2,8,18,20,64,98,143,62
2024-10-15,00,Deutschland,6,3,7,15,26,76,108,129,66
2024-10-16,00,Deutschland,8,2,7,14,31,82,109,132,63
2024-10-17,00,Deutschland,7,2,5,13,29,81,113,132,53
2024-10-18,00,Deutschland,9,1,5,12,30,75,118,138,54
2024-10-19,00,Deutschland,5,2,3,12,30,84,130,143,53
2024-10-20,00,Deutschland,5,1,4,11,31,84,127,153,54
2024-10-21,00,Deutschland,6,1,4,12,31,85,128,147,52
2024-10-22,00,Deutschland,5,2,5,9,31,94,124,165,55
2024-10-23,00,Deutschland,3,2,6,9,30,99,122,158,60
2024-10-24,00,Deutschland,4,3,6,12,35,104,120,138,54
2024-10-25,00,Deutschland,3,4,7,12,32,97,125,148,53
2024-10-26,00,Deutschland,4,4,6,13,27,93,123,139,56
2024-10-27,00,Deutschland,4,3,7,9,30,97,127,142,60
2024-10-28,00,Deutschland,8,4,8,9,26,94,145,143,50
2024-10-29,00,Deutschland,4,3,7,7,27,98,129,136,53
2024-10-30,00,Deutschland,4,3,5,6,29,105,126,138,46
2024-10-31,00,Deutschland,4,3,5,7,32,96,125,138,47
2024-11-01,00,Deutschland,5,3,6,8,31,92,128,133,40
2024-11-02,00,Deutschland,5,3,7,6,34,90,122,123,38
2024-11-03,00,Deutschland,4,1,6,8,33,87,127,120,38
2024-11-04,00,Deutschland,5,1,5,8,29,76,130,126,38
2024-11-05,00,Deutschland,7,3,5,9,26,76,129,118,44
2024-11-06,00,Deutschland,7,2,5,10,26,73,119,105,42
2024-11-07,00,Deutschland,5,2,4,7,28,77,116,109,40
2024-11-08,00,Deutschland,6,3,4,8,27,80,108,104,40
2024-11-09,00,Deutschland,6,3,4,9,27,80,107,91,42
2024-11-10,00,Deutschland,5,5,4,9,28,74,104,95,52
2024-11-11,00,Deutschland,5,5,3,9,28,71,104,100,43
2024-11-12,00,Deutschland,5,6,2,8,29,66,104,101,42
2024-11-13,00,Deutschland,7,4,2,8,30,61,94,96,35
2024-11-14,00,Deutschland,8,4,2,6,27,63,99,95,37
2024-11-15,00,Deutschland,7,5,3,7,27,62,107,94,43
2024-11-16,00,Deutschland,7,6,4,6,27,59,102,93,42
2024-11-17,00,Deutschland,8,5,4,5,27,61,104,92,46
2024-11-18,00,Deutschland,9,5,2,8,26,66,98,93,46
2024-11-19,00,Deutschland,5,3,3,8,27,59,101,87,45
2024-11-20,00,Deutschland,6,3,2,7,24,59,106,90,47
2024-11-21,00,Deutschland,8,4,2,6,27,58,109,93,44
2024-11-22,00,Deutschland,10,2,2,3,29,56,98,89,46
2024-11-23,00,Deutschland,8,1,2,2,26,54,89,95,45
2024-11-24,00,Deutschland,9,1,2,4,27,58,94,97,34
2024-11-25,00,Deutschland,9,1,3,5,26,55,107,103,35
2024-11-26,00,Deutschland,7,2,2,4,24,54,95,100,39
2024-11-27,00,Deutschland,6,3,2,4,22,57,102,104,40
2024-11-28,00,Deutschland,5,3,2,6,20,72,102,96,37
2024-11-29,00,Deutschland,4,3,2,6,22,68,100,86,40
2024-11-30,00,Deutschland,6,2,2,8,23,67,93,79,40
2024-12-01,00,Deutschland,6,2,2,7,23,64,87,75,38
2024-12-02,00,Deutschland,7,3,2,4,24,75,94,84,23
2024-12-03,00,Deutschland,7,4,3,2,19,74,92,84,21
2024-12-04,00,Deutschland,6,3,1,4,20,74,96,84,27
2024-12-05,00,Deutschland,4,2,2,4,19,74,96,80,29
2024-12-06,00,Deutschland,4,3,3,5,21,58,92,77,23
2024-12-07,00,Deutschland,5,2,3,7,22,58,98,73,31
2024-12-08,00,Deutschland,4,3,3,9,21,56,101,80,29
2024-12-09,00,Deutschland,8,2,4,10,19,67,86,77,33
2024-12-10,00,Deutschland,5,2,4,10,17,81,88,72,29
2024-12-11,00,Deutschland,4,2,2,9,18,80,82,67,30
2024-12-12,00,Deutschland,3,2,3,10,18,75,90,62,31
2024-12-13,00,Deutschland,4,2,5,12,21,72,89,56,22
2024-12-14,00,Deutschland,4,1,5,12,22,72,89,59,21
2024-12-15,00,Deutschland,5,1,5,11,19,72,82,64,22
2024-12-16,00,Deutschland,3,1,4,9,21,78,74,63,25
2024-12-17,00,Deutschland,4,1,2,9,21,79,80,66,26
2024-12-18,00,Deutschland,6,2,2,7,20,77,82,66,30
2024-12-19,00,Deutschland,8,2,2,5,21,66,83,63,27
2024-12-20,00,Deutschland,7,1,1,3,15,65,78,54,27
2024-12-21,00,Deutschland,5,1,2,4,16,70,80,57,30
2024-12-22,00,Deutschland,6,1,3,3,16,69,78,57,30
2024-12-23,00,Deutschland,4,2,4,4,15,68,77,56,27
2024-12-24,00,Deutschland,5,1,5,3,18,69,70,63,22
2024-12-25,00,Deutschland,4,1,4,4,16,68,67,64,23
2024-12-26,00,Deutschland,3,1,3,3,16,67,72,62,20
2024-12-27,00,Deutschland,2,2,2,2,13,65,72,60,22
2024-12-28,00,Deutschland,3,2,2,4,13,61,66,67,25
2024-12-29,00,Deutschland,3,2,2,6,13,60,71,71,25
2024-12-30,00,Deutschland,3,2,2,8,14,51,70,70,32
2024-12-31,00,Deutschland,2,2,2,5,16,44,63,72,28
2025-01-01,00,Deutschland,1,2,3,4,14,42,62,78,26
2025-01-02,00,Deutschland,1,2,4,7,17,43,57,80,23
2025-01-03,00,Deutschland,0,2,3,4,14,41,62,65,23
2025-01-04,00,Deutschland,1,2,2,5,15,46,61,60,23
2025-01-05,00,Deutschland,1,2,1,6,15,52,63,57,17
2025-01-06,00,Deutschland,2,2,3,5,13,52,71,61,19
2025-01-07,00,Deutschland,2,1,6,3,13,56,60,59,25
2025-01-08,00,Deutschland,1,1,5,4,13,46,65,60,19
2025-01-09,00,Deutschland,1,1,3,4,15,48,60,50,19
2025-01-10,00,Deutschland,0,2,2,4,17,50,59,49,14
2025-01-11,00,Deutschland,0,2,2,4,14,53,58,45,14
2025-01-12,00,Deutschland,0,2,2,3,14,52,58,51,16
2025-01-13,00,Deutschland,0,2,1,2,13,51,60,48,19
2025-01-14,00,Deutschland,0,3,1,3,10,40,53,43,21
2025-01-15,00,Deutschland,0,3,1,2,12,39,43,45,21
2025-01-16,00,Deutschland,0,3,1,2,13,33,41,43,18
2025-01-17,00,Deutschland,1,3,1,2,13,33,42,43,17
2025-01-18,00,Deutschland,2,3,1,2,13,30,44,39,13
2025-01-19,00,Deutschland,3,3,2,2,12,29,48,39,15
2025-01-20,00,Deutschland,4,4,2,2,10,28,52,40,15
2025-01-21,00,Deutschland,3,4,2,2,8,25,53,36,16
2025-01-22,00,Deutschland,2,3,3,2,7,31,50,32,18
2025-01-23,00,Deutschland,2,2,4,3,7,32,43,28,25
2025-01-24,00,Deutschland,3,2,3,3,4,35,41,26,21
2025-01-25,00,Deutschland,5,2,3,4,5,31,44,30,18
2025-01-26,00,Deutschland,4,2,3,3,5,31,44,27,11
2025-01-27,00,Deutschland,4,2,2,3,8,25,41,30,12
2025-01-28,00,Deutschland,2,2,2,3,8,26,45,23,12
2025-01-29,00,Deutschland,0,2,2,2,7,29,40,21,12
2025-01-30,00,Deutschland,0,2,2,5,6,27,38,27,11
2025-01-31,00,Deutschland,1,2,2,5,7,26,43,25,14
2025-02-01,00,Deutschland,2,2,1,2,8,25,39,23,11
2025-02-02,00,Deutschland,3,2,1,2,8,24,38,19,9
2025-02-03,00,Deutschland,3,2,1,2,6,25,36,24,9
2025-02-04,00,Deutschland,3,2,1,1,9,24,36,23,7
2025-02-05,00,Deutschland,3,2,1,1,10,22,29,24,6
2025-02-06,00,Deutschland,2,2,1,2,11,23,30,22,8
2025-02-07,00,Deutschland,1,2,1,1,10,24,29,20,10
2025-02-08,00,Deutschland,1,2,2,3,9,27,31,15,9
2025-02-09,00,Deutschland,3,1,3,2,10,30,31,16,11
2025-02-10,00,Deutschland,2,1,2,3,9,27,34,16,17
2025-02-11,00,Deutschland,3,1,1,3,10,27,37,17,16
2025-02-12,00,Deutschland,4,1,2,2,10,26,32,17,15
2025-02-13,00,Deutschland,4,1,2,2,11,25,35,20,18
2025-02-14,00,Deutschland,4,1,3,2,12,22,36,22,15
2025-02-15,00,Deutschland,4,1,1,2,13,24,35,20,16
2025-02-16,00,Deutschland,4,1,1,2,13,25,31,21,11
2025-02-17,00,Deutschland,3,1,1,3,14,23,29,16,9
2025-02-18,00,Deutschland,1,1,0,5,15,24,29,14,12
2025-02-19,00,Deutschland,3,1,0,4,17,24,25,17,13
2025-02-20,00,Deutschland,3,1,0,4,14,21,27,11,12
2025-02-21,00,Deutschland,2,1,0,4,12,23,25,13,12
2025-02-22,00,Deutschland,2,1,1,3,13,24,28,15,13
2025-02-23,00,Deutschland,2,1,1,3,14,21,27,14,16
2025-02-24,00,Deutschland,2,1,1,2,12,18,28,15,15
2025-02-25,00,Deutschland,1,1,1,2,11,18,27,13,13
2025-02-26,00,Deutschland,0,1,0,2,11,18,27,15,12
2025-02-27,00,Deutschland,0,1,0,1,9,20,25,15,15
2025-02-28,00,Deutschland,0,1,0,3,9,18,25,16,16
2025-03-01,00,Deutschland,0,1,0,4,8,16,24,16,14
2025-03-02,00,Deutschland,0,1,0,4,4,16,24,19,15
2025-03-03,00,Deutschland,1,1,0,5,5,16,23,16,15
2025-03-04,00,Deutschland,2,1,0,4,5,15,21,15,14
2025-03-05,00,Deutschland,2,1,0,4,4,13,19,11,13
2025-03-06,00,Deutschland,1,1,0,2,4,11,18,12,13
2025-03-07,00,Deutschland,3,1,0,3,4,9,16,12,13
2025-03-08,00,Deutschland,1,1,0,3,4,10,16,10,15
2025-03-09,00,Deutschland,1,1,0,3,5,10,16,11,13
2025-03-10,00,Deutschland,1,1,0,4,5,10,17,10,15
2025-03-11,00,Deutschland,1,1,0,4,5,13,16,12,15
2025-03-12,00,Deutschland,1,1,0,4,6,15,21,12,15
2025-03-13,00,Deutschland,1,1,0,5,6,17,18,10,12
2025-03-14,00,Deutschland,1,1,0,3,6,18,18,8,14
2025-03-15,00,Deutschland,1,1,0,3,7,17,15,9,12
2025-03-16,00,Deutschland,0,1,0,3,7,15,16,9,12
2025-03-17,00,Deutschland,1,1,0,3,7,16,15,8,10
2025-03-18,00,Deutschland,1,1,1,2,7,12,12,9,12
2025-03-19,00,Deutschland,1,1,1,2,7,11,13,10,11
2025-03-20,00,Deutschland,0,1,0,2,7,10,12,12,10
2025-03-21,00,Deutschland,0,1,0,2,5,13,10,14,8
2025-03-22,00,Deutschland,1,1,0,1,5,14,8,12,5
2025-03-23,00,Deutschland,1,1,0,1,5,14,10,13,6
2025-03-24,00,Deutschland,1,1,0,2,6,11,11,10,5
